-- phpMyAdmin SQL Dump
-- version 5.2.1
-- https://www.phpmyadmin.net/
--
-- Servidor: localhost
-- Tiempo de generación: 09-10-2024 a las 21:59:35
-- Versión del servidor: 10.4.32-MariaDB
-- Versión de PHP: 8.0.30

SET SQL_MODE = "NO_AUTO_VALUE_ON_ZERO";
START TRANSACTION;
SET time_zone = "+00:00";


/*!40101 SET @OLD_CHARACTER_SET_CLIENT=@@CHARACTER_SET_CLIENT */;
/*!40101 SET @OLD_CHARACTER_SET_RESULTS=@@CHARACTER_SET_RESULTS */;
/*!40101 SET @OLD_COLLATION_CONNECTION=@@COLLATION_CONNECTION */;
/*!40101 SET NAMES utf8mb4 */;

--
-- Base de datos: `c6municipalidad2024`
--

-- --------------------------------------------------------

--
-- Estructura de tabla para la tabla `cargo`
--

CREATE TABLE `cargo` (
  `id_cargo` int(3) NOT NULL,
  `descripcion` text NOT NULL
) ENGINE=InnoDB DEFAULT CHARSET=utf8mb4 COLLATE=utf8mb4_general_ci;

--
-- Volcado de datos para la tabla `cargo`
--

INSERT INTO `cargo` (`id_cargo`, `descripcion`) VALUES
(1, 'camionero'),
(5, 'secretaria'),
(6, 'barrendera'),
(22, 'recursos humanos');

-- --------------------------------------------------------

--
-- Estructura de tabla para la tabla `contrato`
--

CREATE TABLE `contrato` (
  `id_tipo_contrato` int(11) NOT NULL,
  `descripcion` varchar(255) NOT NULL
) ENGINE=InnoDB DEFAULT CHARSET=utf8mb4 COLLATE=utf8mb4_general_ci;

--
-- Volcado de datos para la tabla `contrato`
--

INSERT INTO `contrato` (`id_tipo_contrato`, `descripcion`) VALUES
(1, 'pasantes'),
(2, 'talleristas'),
(3, 'monotributistas'),
(4, 'planta');

-- --------------------------------------------------------

--
-- Estructura de tabla para la tabla `departamento`
--

CREATE TABLE `departamento` (
  `id_depa` int(3) NOT NULL,
  `descripcion` text NOT NULL
) ENGINE=InnoDB DEFAULT CHARSET=utf8mb4 COLLATE=utf8mb4_general_ci;

--
-- Volcado de datos para la tabla `departamento`
--

INSERT INTO `departamento` (`id_depa`, `descripcion`) VALUES
(1, 'camiones'),
(5, 'rrhh'),
(6, 'ecologica'),
(18, 'almacen');

-- --------------------------------------------------------

--
-- Estructura de tabla para la tabla `formulario_empleado`
--

CREATE TABLE `formulario_empleado` (
  `id_formu` int(11) NOT NULL,
  `nombre` text NOT NULL,
  `apellido` text NOT NULL,
  `DNI` int(8) NOT NULL,
  `telefono` bigint(12) NOT NULL,
  `direccion` varchar(255) NOT NULL,
  `edad` int(3) NOT NULL,
  `n_contrato` varchar(255) NOT NULL,
  `inicio_contrato` date NOT NULL,
  `fin_contrato` date NOT NULL,
  `legajo` varchar(255) NOT NULL,
  `usr_baja` text DEFAULT NULL,
  `fecha_baja` date DEFAULT NULL,
  `usr_mod` text DEFAULT NULL,
  `fecha_mod` date DEFAULT NULL,
  `id_tipo_contrato` int(11) NOT NULL,
  `id_hora` int(3) NOT NULL,
  `id_depa` int(3) NOT NULL,
  `id_cargo` int(11) NOT NULL,
  `id_huella` int(11) NOT NULL,
  `archivo` text NOT NULL
) ENGINE=InnoDB DEFAULT CHARSET=utf8mb4 COLLATE=utf8mb4_general_ci;

--
-- Volcado de datos para la tabla `formulario_empleado`
--

INSERT INTO `formulario_empleado` (`id_formu`, `nombre`, `apellido`, `DNI`, `telefono`, `direccion`, `edad`, `n_contrato`, `inicio_contrato`, `fin_contrato`, `legajo`, `usr_baja`, `fecha_baja`, `usr_mod`, `fecha_mod`, `id_tipo_contrato`, `id_hora`, `id_depa`, `id_cargo`, `id_huella`, `archivo`) VALUES
(15, 'morenita', 'ochova', 2332122, 233322, 'lala', 19, '87', '2024-08-01', '2024-08-30', '', 'maia', '2024-09-06', '', '0000-00-00', 0, 13, 6, 6, 0, ''),
(21, 'candelaa', 'salvatico', 47322025, 351111111, 'paraguay 417', 18, '1', '2024-08-30', '2024-10-06', '', 'maia', '2024-09-09', 'maia', '2024-09-06', 0, 21, 5, 5, 0, ''),
(22, 'maia', 'fernandez', 46666666, 35122222, 'ddddd', 14, '2', '2024-09-11', '2024-10-05', '', 'maia', '2024-09-06', NULL, NULL, 0, 22, 1, 1, 0, ''),
(23, 'morena', 'ochovaa', 344444, 444444, 'fff', 34, '3', '2024-09-26', '2024-09-29', '', NULL, NULL, 'maia', '2024-09-09', 0, 23, 18, 1, 0, ''),
(24, 'maiaaa', 'fernandezz', 468522, 351020, ' manuel', 20, '345435', '2024-09-02', '2024-09-23', '5', NULL, NULL, 'supervisor', '2024-10-01', 2, 24, 1, 5, 0, ''),
(25, 'mia', 'ssss', 2222, 2222, 'sss', 21, 'uploads/INTRODUCCION AL ESTUDIO DE LAS CIENCIAS QUIMICAS 2024.pdf', '2024-09-01', '2024-09-22', '', NULL, NULL, NULL, NULL, 0, 26, 5, 5, 0, ''),
(26, 'david', 'finted', 41525, 45402, 'parquenorte', 46, 'uploads/INTRODUCCION AL ESTUDIO DE LAS CIENCIAS QUIMICAS 2024.pdf', '2024-09-17', '2024-09-14', 'F4355rfetgf', NULL, NULL, NULL, NULL, 0, 28, 5, 5, 0, ''),
(27, 'stefi', 'merli', 524120, 2504532, 'campo', 19, 'uploads/INTRODUCCION AL ESTUDIO DE LAS CIENCIAS QUIMICAS 2024.pdf', '2024-09-02', '2024-09-30', 'M645ytgfg', NULL, NULL, NULL, NULL, 0, 29, 6, 5, 0, ''),
(28, 'prueba', 'prueba1', 27247458, 3517545125, 'prueba', 12, 'uploads/INTRODUCCION AL ESTUDIO DE LAS CIENCIAS QUIMICAS 2024.pdf', '2024-09-24', '2024-09-26', '9', NULL, NULL, NULL, NULL, 0, 30, 1, 5, 0, ''),
(29, 'otra prueba', 'prueba', 22222222, 351777777, 'ddddd', 88, 'INTRODUCCION AL ESTUDIO DE LAS CIENCIAS QUIMICAS 2024.pdf', '2024-09-02', '2024-09-10', '4', 'supervisor', '2024-10-01', 'superusuario', '2024-09-30', 3, 31, 1, 5, 0, ''),
(30, 'fran', 'dddd', 999999999, 99999, 'dddd', 99, 'INTRODUCCION AL ESTUDIO DE LAS CIENCIAS QUIMICAS 2024.pdf', '2024-09-02', '2024-09-03', '15', 'maia', '2024-09-30', 'superusuario', '2024-09-30', 3, 34, 1, 1, 0, ''),
(31, 'ddd', 'dddd', 999999999, 99999, 'dddd', 99, 'INTRODUCCION AL ESTUDIO DE LAS CIENCIAS QUIMICAS 2024.pdf', '2024-09-02', '2024-09-03', '15', NULL, NULL, NULL, NULL, 0, 35, 1, 1, 0, ''),
(32, 'stefi', 'merli', 524120, 2504532, 'campo', 19, 'INTRODUCCION AL ESTUDIO DE LAS CIENCIAS QUIMICAS 2024.pdf', '2024-09-02', '2024-09-30', 'M645ytgfg', NULL, NULL, NULL, NULL, 0, 48, 6, 5, 0, ''),
(33, 'lala', 'dwds', 4324234, 4532345, 'fgfg', 13, 'INTRODUCCION AL ESTUDIO DE LAS CIENCIAS QUIMICAS 2024.pdf', '2024-09-25', '2024-10-05', '24', NULL, NULL, NULL, NULL, 0, 49, 1, 1, 0, ''),
(34, 'PRUEBAAAA', 'kull', 455, 455, 'OJI', 45, 'Empleado_maia_fernandez-2.pdf', '2024-10-08', '2024-10-29', '45', NULL, NULL, 'superusuario', '2024-10-07', 1, 55, 1, 1, 0, 'JVBERi0xLjQKMyAwIG9iago8PC9UeXBlIC9QYWdlCi9QYXJlbnQgMSAwIFIKL1Jlc291cmNlcyAyIDAgUgovR3JvdXAgPDwvVHlwZSAvR3JvdXAgL1MgL1RyYW5zcGFyZW5jeSAvQ1MgL0RldmljZVJHQj4+Ci9Db250ZW50cyA0IDAgUj4+CmVuZG9iago0IDAgb2JqCjw8L0ZpbHRlciAvRmxhdGVEZWNvZGUgL0xlbmd0aCA1MjA+PgpzdHJlYW0KeJx91c2OmzAQwPH7PsUc20MmHn9gs7d2N1HTQ6SqvAAbnIoqQMqmqtSnr7FJSSAakgNC8OcXExsJX58EGgt/nn5BrtBoEOFDFmUG0qEy4ARhbuDQwHpH8NrBt6fPBay3BJShEFAcYVMMh6QkJAdWWXQWigo+vJaX7h0qf4JNcz75suo+QvFzPH29lUByKqS7WSGQDJAmtApW6WDv4TuES1S4QQ6Zk6hcvMG+a956/wzXLFmBwl0jKs/QmXmErMRc3laasi6vhXRuZgkd8QqjUah4/aezP53qqls4xgzvmDpH37dlW/m/M4xWqDMeIw1meRrz/W7pSAXeMSV0lrYZgwwSPyYmt6h0bBT+5I9d+2BMUoa13HSUITls9xbjMrSWt2R5/G8NQ1L3/nCou3aBGTs8ZgpVwzaTGIda8hItMDMxsKnKaolICR4xNUjPBCpWWEGYZyr9hP3vxvddmJPw0rWXPkzQpScFec9UnD8aER0cRzuFeRYv3rV1eDA8JwVZzk1RCqlXIl8R3bu0VcN8Z10mTAGKlW3dsqixxqOmXESRWAkzQ2mDQvMoGdfiofKl68u+foBJFR4zZUg+CxG+sAJh0+5MFRb2sBRwKpW7oRpnlz+X/aVsfPtonFKKpd20DmUTpql/v/co54blgPXY+BYbGi9l/2MJGRs8ZIqMkP7/C+sf8sSYIQplbmRzdHJlYW0KZW5kb2JqCjEgMCBvYmoKPDwvVHlwZSAvUGFnZXMKL0tpZHMgWzMgMCBSIF0KL0NvdW50IDEKL01lZGlhQm94IFswIDAgNTk1LjI4IDg0MS44OV0KPj4KZW5kb2JqCjUgMCBvYmoKPDwvRmlsdGVyIC9GbGF0ZURlY29kZSAvTGVuZ3RoIDM2ND4+CnN0cmVhbQp4nF1Sy26DMBC88xU+pocITBqCJYRESZA49KHSfgCBJUUqBhly4O+7u3bSqkhY47FndlZrPy+Ppe4X4b+ZsalgEV2vWwPzeDUNiDNceu3JULR9s7gdr81QT56P4mqdFxhK3Y1ekvjveDYvZhWbrB3P8OD5r6YF0+uL2HzmFe6r6zR9wwB6EYGXpqKFDn2e6+mlHkD4LNuWLZ73y7pFze+Nj3UCEfJe2izN2MI81Q2YWl/AS4IgFUlRpB7o9t9ZZBXn7u/VQ4FLgF/qJXGEOD7gEgYhEUoiViETMiZiR8SjJXIiSKKsRO6QyFx9MkVMMW4FpboFaL5qg+UClmXkE7siGWEqEkisi9jVOhHe22QR4ZjuhDljxfyOW8hYGzF+srwinDO/Z88T48OR8jtP4pX1PHJf7Ckt7zwlYedJOZXzpLaV86ScqrA4dt1ztzQOejD3OTdXY3DE/Kp4tjTVXsP94U3jRCr6fwB/DbapCmVuZHN0cmVhbQplbmRvYmoKNiAwIG9iago8PC9UeXBlIC9Gb250Ci9CYXNlRm9udCAvSGVsdmV0aWNhLUJvbGQKL1N1YnR5cGUgL1R5cGUxCi9FbmNvZGluZyAvV2luQW5zaUVuY29kaW5nCi9Ub1VuaWNvZGUgNSAwIFIKPj4KZW5kb2JqCjcgMCBvYmoKPDwvVHlwZSAvRm9udAovQmFzZUZvbnQgL0hlbHZldGljYQovU3VidHlwZSAvVHlwZTEKL0VuY29kaW5nIC9XaW5BbnNpRW5jb2RpbmcKL1RvVW5pY29kZSA1IDAgUgo+PgplbmRvYmoKOCAwIG9iago8PC9UeXBlIC9YT2JqZWN0Ci9TdWJ0eXBlIC9JbWFnZQovV2lkdGggNTQyCi9IZWlnaHQgMTAwCi9Db2xvclNwYWNlIC9EZXZpY2VSR0IKL0JpdHNQZXJDb21wb25lbnQgOAovRmlsdGVyIC9GbGF0ZURlY29kZQovRGVjb2RlUGFybXMgPDwvUHJlZGljdG9yIDE1IC9Db2xvcnMgMyAvQml0c1BlckNvbXBvbmVudCA4IC9Db2x1bW5zIDU0Mj4+Ci9TTWFzayA5IDAgUgovTGVuZ3RoIDExMTQyPj4Kc3RyZWFtCnic7X0J2GRFee5X3f0vswCzIMwAYyQCWYxi3GIuVyWgT6JXfYxcgxJR2ZcBNUF5BDFeFESUUQwMLuybQBCIxgB5Eu+9T5bn3htjnsSYKBgTBAFhmPmHmX/pv/s//d2qs9Z+6pw+3X26p97p+fssX1V9Ved0vef7vqo6BBHBw2OcQbY+pD2O299skZTOpqf44y7yLuVaEpqES+dfSVYVlu6xb6I1agUGhca5DwME4jFC/zMibQBe+5ZRKOUEcs8OqiEgCXfC/yQ604Am4u9uGKFuFuz/rW9bzu55+1sHUailBxwhqFYD7X8rzH/Qqnrss5hAammcE/ZxhBglkP6iHow3t9eFY8h9z0I34RK9JYnQo2K72NYJNSIYO6lIMgPimAhRL1kHvjF12VXpNip28Tzk4YiJopbmOX+GkDIKAkjsghHhIHemJk9t5K5nOOsk0hRjjiFpVZCZMpExwwimgSesG5XCEVxIRU1SFbuYPEtDvqAmB1o9809z47Oy/Arq8OvwGEdMCLVQUtEddmUXGN1PiHz952ZS4YhFYReAHrlvDjYBHrN++GqXIBUpbbXmy1j0gFpiGNXDDS3UhagcI0MeHhIao1agAjTPybq5zJeEwhcHBIFwMD4yCi8KufMZbg9jZTH+H2/Eu5jViK/TM0DunxuGrhz64ZVqM6kbHHteKlauj/Y9u8e4YOyppXn2t+jzO3+EsAf7pGvG7IsDO0KUw0NmF3Ln04nmyMwo5DYwMqwwYxfUiUUbMFR2qZAS6skuA7oNJAeUtFsiEw+POmO8HWIhr3BOJA6Et1tI9iXLZGfZgaF5J8gdTwsaCM6uZCOqF9vW+sR4McYu+M6Be8YqJ4OqQi/ShavcyemY1Rh1/ZZx1Ty8neRRDmNMLc2zufiKhl3iLjk5Cwq7qHEXHA67kNufCr9AJgkDbchRfVks3h00uwzIyCjNLlK0ILpwjtFpOwoxRImIxeCUqTw3H2vxKIdxdYhNnf1NyQ+WhSi4Q0Q4qxEA3mhJjwzy2ZPc9mTkxeIiK6ALpaCgsxCAUc4mu+RPB+UZG6jzqqrM62M02O2A9JMeLKr58A2yCPVpYY+aYyyppXX2NxNLQ6SK6thlQCC3/iwphCMWO7sgcFSkk+d3RbatCvUMikBePLxQp1mhU2jQ00RGxSseHu4gY7fQS4vZKxmih3VBgihHUs9YdkYWAHnoWAO3/05/msrIeCWdzklIpm2qmLTBCwMY5AlfLzyhSrfY0Hiln6CL+jRtX8LEfYETS+dbQti09ozj/MrSTKC1NgpVrX8dPPYpjBm1tM7603iLSNbIINilyrn65JYnhPkrMU9Y2ILbsLNLfDbLvMK5+kO2VwY6V9/Dw2NoGCeHWOusB7g9iSlUz5gE1TMmC4DsGasM5ObH4yLSzGMfV14cBTlhk7x2vksVqK0fzMPDo+YYG2ppCrwih1U07KLpaCV20QhAyi7VddPkpsc5dczsggZ24YVByy4yFZH7d/WvtucVDw+P0hgPapk664FEUa7L17MLas+maUQvmJldtCeLg9z4WJazybzQ0AYnhmaxzJmpRP77g+cVDw+PfjAG1DJ15v3iATu7gCu76AeMAc8u5PzvFFaXQ2ivEOPQL1DYArTsohg60oZxgFlJjJBXPKV5eEwG6j5lkueVqLtPul6eRzCNbCcyyDnJMIuKJ2lIdDTqguMAv242ZdAurTm58aes3yeEY7hoeiO3wc5GPixlI5PnU4FBnsQVicXKj0Ee386d/OUctAHfVs3oOJobvql8VmyCEXcZ8R19ZPXtOXxr4eTlUo0jyHfn4Gfc/gzgW0ZZcabPAuCxBXSQ7hZYBfjbdbl25IE5bqfAnVzrEWKyvUIkT5VtVJg8bEw3KixbgV89S0gj6Da7S8s3vru44kCu/89MYcKXIo3+UsaM6eWVMWOqPC/WQzzxBSXUrgOvlBgkRu7bLVifhOA715VWQMyNQLOF71jrlPD+3QZDORMJdTvALbfn43XkkgOO71BQWqPBl5hkWxKSDuSBPdAr/BxTycsg5GrqRHILIjSP7+x2K4824/45IuwGKHAfyvLKedPdktxpJZHfLFXcyfWllqkz76F/5KPO7KIRsLOLlJw0Wt3FqeX5xVvfX1RzcsNjmUkhqi2OG3ZjF3lssWEEs5An4LsOLKo2jCG1kP+JMDcX26ipKRtulBiBTR5qw8Iin0m4gdBo2FfQYa/PyWzHJLkgwR9ktqxdvTBDxZCmf/67NdWfL8LSkqJGVhz5xk75J1MYXG58rctmUhTkfwHs3BltxhcdINsATp20czxyIx6tyypt5ByGEi4cNJv4Dl13H+UmpTLch5qm09YlKZTPhF1EYnpboCMQWi1zLbg7GQ1tC/KtpcmqntQydeZ9yaZy4xJphHDl7MK+EmrZu3jrBwppTr72H7yeOeyiTEnRyStGSS67YA9PPKiQ2lAPXoGi1PInO8Ivfe+Av1fAdCP37YSgp8kqdDmasiL37kh6BOJkDURXKnny0D4BkHuf44b/8QmZw9NSqaQ1NJrQVJazrkiVbzZYW6UHC2UY36LGJrUljaoABv42FBTtScVlrQGQr3/6uzPlFt0G0s2T7PLC8W0G2QW1lsvJTFNK28DUzuXC/Lpo2j+rAhS/k1dN4dvWSefrGMbneAU0rYhZmF0jwNlxRBVA5UjYkHYBd5Cv/kQOuWsC75B1HFngXRXLMspSZfKmUuinB8uFQ0Q14ZVCIHc/Cz1knwDjDfHDBByzuudZ6Ab6rGhHYMiKHQwEsfwPFUslg55eQyajaBIdNFeKaw2NJvazrp9U+aitymUY2JrUdo3SKsSZuBaUtoAQNlAvR05Wcm7iJdPdh+mueptxFzSvwZPt9grjFe0t2nf7Z3dyUOpOXuioV7N2YfzpM+4llPDk/l40TcLwOEfeKHNNsgoyyTpmIsoKSUKalgUI9hpB111z8pWfhF/8iyAzbcUNyN4gmQprxJJRAPx7J+U1ktVS6M9mxV3tcSSVGA5efvL1n+NJm3JlipZM7nqWUXgVYKXPzAru77x66StVPOYxLiBff6a/B/UES8s0KzzpYLbdd3NF74ctllvQX6EDuMLV3sn8bVkvq2X6jG8kHa50Rn9jWW0XSUY1TaSsFAHEZnfJrnCW/Mv/LpsXqDVZRNtFsEXM8ryho9ousjCGDncnjDGvADg+ppE7nrLkwc46Pu7xCALXVC4f6Xo5Verpcq1Rr48DyF1Ps467skKppfjz6prLLbf4Tnt69A0ufpjyld7J/G+tRtRC7RVuD4mdXZL+1Mgu3C6JxSTykAsQ2QUbve7a3Y/n600TXvdjIU8+8xx2EalIKyYpLLOL6najtvOii9o15JViw8NYj+PyQXLrk9oMyG0Rr7jlk6V60rlo1w/Ls2C9yL1zQmVcUgUVq13+EwhNakO36qI7QZGbp4rcHC/QkK8O7Sio8hVni+mdXBdqEXklQn/sopBHAXYhpLnSaXbbK9OrcjUP7RWQSYUnAMc4ChjYRRukUQ27VGylC/PP56pdQ14pjDQmkfPp0cYhNz8hpWZ8EyTxFZdPlOqWn4VJcovuKR+rMKWKlP9clKE6zM+LreGgT0+rmEU3vTC+79CCdVc+vTCTPLCrlnOBTEXkXcpKrl1qlNhLjCqSf3XsJfYE4T4vIlV7Bd1u/oJ3ctAj/8yapBaxlunT7+VGdQkBBML+8bJSWCUOMOjjLlzQJULiazMKQDS+CprNYLnVmd9/90/tmpPrHs04i4+IQPJGyPivNo4C4suJ+VRSuEUJ0qRxl+goL7xnNzRynhgmgVegsLuc3PhTPO0X4u2bHi85UCoIyqRyQvp461oEX6PcVFSSTePtGyyf7Y/A7GyfmTjJFbzEBeDcyG655enJVs2wyrgMtEPE019U2UWsIh89/uGncPQv1IJaRIyeXRoYtLpLraDz47+5zaIo+4FF3KDt97OR7SZ2SUWs7CJWU1cKdzZYgYU9dmO0trxSeLJkcW4gNzzGfpx37SjXZ8UrLLjoQ7c7HcZDlOZnZjRjyrX53/40nrw57INsYkKSm5/AU7bIpZsUDDv0eD6vkIuhOCnPXg/PejHboDWyt4N093Kn8MxfzNUzVuqGx2yneQVWVmB5OVasxfVpGh0UX4I2Z1V/blZDMT0j2O832rBis2iuUdJ0hotIjLeMVJ3wIhZoW3oP79oF++0HF18M27a53snf2D16apk5/U/CjjSdvQE6doGo7TTkAUlDEMINdhfJA5C/MzirQSPQazRanaVWdz5oTlvUJtc8Gn5hvGoMQLamS2SOpNQR7yaqAS/PCcsbqTxkwnFqopQSCjebsHsndDuWq15bXimDcvTwtZ+4d9wyXEwW+tM9+whdueGEJzsBRPH8HqquWktx8kYe8IzDZcXMWumZIK8sd/6wwaFGpoJYz4toa21r5nJHz5oIClyUgsWp92N0jVi50W+528Vzj1IFFA31UHjLJpyh08HzfjnbPf+BrCzIu5Pndo2YWiivRBtxL4smdgmPICEmdgHVfJHoR7VONAJIGo0gmFmaI0EPzW4lcu2PYq0TxUS7RLVaIo3EccPascX5LjWDbUQtlXYb9uyyP03UFmVeAlaGWlLOLtVN5Hb6Tz2Fn3q99gz9eTMzl9J/rnrF6kXIV36CZ7+4vO+oRMKcJOHP8PrHlMMET3fzg8Wl5LS2lsLjU2cczoKg2p9C1CcWqnWOJiT/drIVFz4kMm3D1VPOymjAkaHJV/7dRSxDEBtuFhFb29I7+bpH87zuZJTUMnP6PaKravDsAplhKHvGEoGp5T2t7gI2jF0AueaRxPxQZplIBCCEUjgxEGel5LCLmbpQ1GHuWRbDp3fnxcdqNZ8okwUgHdZZBOUfPONxgBb00MQrcdlbf4ls/7HVZIp6vUJKYqwbJa1ycaASzZiTBMn2R7WPONFxPPfI3BLyW3spZ/IWnnNEMnQz9R+wnwxuDUt3rjWbr2YhBpZNL/95LrDIpP1ZeCm3P5oU7NRQDEWvoN2eo1js5GRw7lHsTgaL/Y8jo5aQV0Dq/WOnT9btlmcXcBBQ2IVMdeapyUJtF5Pa5Es/Et1rOnaBZHUjOZSiyIPZFhHMLDu7UIulCTufZlGW8XSFlXxv8QAj6jrkPZvi+b9sOx3JbD2SXPMjWyHWszb0gpK8WaIZ7UmiX4cpat1jdcxvqzyt8IJfycmB9YBHkj/+Yfh8HTZNt4sffolL/sWuAs0/tw0R8+0kpSOM1Zhq4NlHmRIxFL2CK3ms/JGX2AUYOstCWEvBaKhl5rR7uHaU2EXq7vXsYkoeHrDO1QcjuzSD9szinK7ERLcv/VucSDIXLBuqg0s+m8cudsOI0VgD5p6xu8ImkFegnNVSA9RN7eqtFsi1DsmXfogfsnJDRa2EHzSUUt1VwPOPotXJkTnvl3JleHFhbznIaa6idamk7pSfzK4dGD61zJ52d1wtMz2kj/7cWZDCJCR5y4qaPDxQmF0aQWd2fgfBIJV8/u7z+RTki/+arAWpBEJM7AJatuDEcuModnZh+RPYvQN2P6eOc4tQZ1KBfngFxnZpk7qpXX2spQoMuohq83fJrb8So/4HP/yrFeRcRd3xoy9nKpkxVGqZPY0F7bMeX+YP0ZElrZGlxEXEhaVV8sj8UnoBDs1geWbhuZBX9CBf+FdN4B10bGEzWVR5rRvN7BDj2YWZ+YSRyvPPRTqqak8yr0D9Hv8dUTe1B2K19I1BF1FV/tGyYA654R+8hGz7QX+FGUoZidWSl8/wZuPPnnaXuL4apn+EIyHiZ3hZcxS2USUTkARAoiPhfBTWaTSC5dmFHQ3zFCryxR9IqVhOmKwAlmVsWN1LEBPl9alEeX3mIfc8v4N9ALSusAnnFchfOQMv+LVwvn3+AhVMsoKVM6pRe1CfcvoMrgp9tlKfqKQKQYAXvsy9Dfu/zcjnv19BW9mF3aeLWfMZErXMnnpX+B0rnXSE/bML9sMulJua3SXmB1N4JfWGkW3/InbxIDR9n+xiTGUVi+pDjZXdO0JbRzTuwuFhk88rAPHPwPQJf1F44dHxtiqcHMSPhr2DJavcT6EfZDQxW58P5lVK0LzYx6ZPwVS5LZ/XecVtbr+49lL6RD/XOlGM3V0F25BVXNNKBRQgV/5TscuhtpWtbYvQtrWVhh/Gx2QESdp38gOOM4FEBvM8Y2zEmNkzFidXPWNIms2VpVULO9gS9IYhYeSqH+gCKqlnTJ2YwoslmmjEzHGUzOVlcruxNw7Anufg+Z1M7TGcxVINr4Cry5j+/skV/2g8e9Er4q2hjDcj1/4gpyA0zGNPMb8X1u5XpU4lKt6n0bCwMPAiEoSXPu0eSDWXm14gaq9c/MrsSJHcIkJiiuWNOXRF0baqom3JVf9sr/UwqGX21K+L/DEEdgFhjJnCLkhalFdmF6i90qUco1WbXPH98AXKRBdH0bIL6OiBFw5Pkbw4isQu0uQYxis72YfI9grDUzNQb5OlMl6B/NkV2dZFryCX/4NG4uOvcs4N2AMdIZaIHfnMP+LFrzCdjbFn2dqbIFWJXP49m8TlbyCXfTd7P2n/sFW8nHMfjQRJn/QvebWbVlH3Z27tz/4Tfuzl9jzilkx+Z+z3efn38OMhJeTX2lR02CFd8irhWPHoRURy5CN/CevX684XubLxjE7nJJQS+r+Tl+0jmAc/ryXkFcj4A5Kn74RdIHX0GNZ6iZ/8owCDKeyfLBSDeoG4hGgtmB5ptFaWZlh8Rcsr5Pm7zyNX/5DRLib5EIwjHNkGxy6pmpJYzGZpoB5EedSnyjZ4sbAsaqbs3ck+2juDJrr2N/cVXoFiD1+sy77075MpDuEt+Ampd8hbvOQTryaf/q79OZN2+pauk1GCSxdk1YTqkGgC1Tz0lniGdWirksqkOdDrZW/tXo986fv4IaNjLWki9fjf4yde41DrIm3r3IbhPRA+M4ZNhFe9STj7qe/GLy0uU7q7Szbqjqx38me/hx97pfGsw5082FjLqphXIqD4nalmCL0IuutCL2rlpHX4FQFGBpRX2iGvrGjtlUYnXMepk8xHRb5cZSP1YyKvfHpWSqXIgy6VKp/S0t5d7AMN/RPHo6v2//N9hlegcPQSP/kaSif0Jx3+fVWZ3HLeqMEWFWcEpgM7HiTRFNMnHm6UrwnrmHLFrK3hWvEyLV+Jl8ehlN1t8mmNMUoPstbuaVsb47FE9szzXp0iX2W3NkzuAWZnkEv/n3qr4B+xm7PwpSwoz26e3Dt5OWA8p0NSC2sOK8EArZZVp94JCQWnlZIDIYLjKzmiuM44Gck5ppqB0krJkgBpdNszi88RxisaWiW9IJiaIdvC8dqortoCgtuKD6WkG7FNgsLYYtWTFm2A20owoeKMVObnVJ1jdMiat+8cxCtOK0H1vAJVj091yY3+omwPY/HjAvmj/5NMgSLZw0FuVIxe80+91lUTxpS/QT75f10kczCIhV7siq1Zgxe+NL+UQB4DKpUSygRya6fPYZZUYK1CeCFYFWxOJlZHvPS1+bklyPTkM4kOHnEEnnxgLPa5f7GuCqNDiStIi2hYikh8JqnO1NyPKMrtTobuwKhl1Sl3pv2vhl105CGwiySfoE92aQTLM4u72Hgwbdwesddq7X31G6HTDgtTpsobJ8ZrF8xPHFkWduElTexChRtNWNoLC7t1lQ0RwKrDl5ozAfbqGNUfCK9A1YF3h9zw068ll/xdjlDk6JUeFQs5OdzrVUkLVL7QSy727KHNiJcdY5di/btTa4uTGtQjWuRWoVAd84SNFSHhrfLII+SSRwoUV7B0XZIVNiDIjqjn7nFFxJ1bL/dOxiuOGQi1MF6BzKddhl3sc/Wt9KM7wnabQWea8gquGFgXsdlcPOJl0F2WDpdnFzDbIi6jAKKNJuWVeZjfaXyNR0CmNy+31q/sW7wCo7BaIAqB5rqRyyiGn/mvxTShSS47hlz8tyXKEjCiKZNU86zKxoIKvLqmGHKr0G7D9IxdJKtCbm5GgUqiZYUzwc+8jlz0N3n2hybi4JY5a5OKYy2rTrmDfjINuLCKphK6sArRHJN3iHxAsy+9/JjaKyGvBPo7NbQM2ocdGazZj93NfIRD2ICY15ArUSOWhUpc4yjIZc6LUTuU8srenewpQxe3hx6Z2bw8c3BnQD/APjFAXoGqZ9W55YZXvD4nXlLyg0U1ifWhP2PHIspVvFxb9alSVrvXDaCpHQJatOirjs+PKPR65GN/7dSG1Smv4eNS7YxXDKZtk+KqpBZyyjd0Nci+iHLUzC4oHpN3SNbF6wUgC+mTRm9lemmXcR0X7GGjuXToEd31B2a/cA27pCrxZACKGJ8ccthFTiWeJaEfbG8080bHK0hmNi1PH9zR1L4GGCyvAOTPLxtMbvjZ17lMbSv0YXmWrlfPbfpkuYqXayvHj8tl+ezrq27q1zvWGq90u9AuuVVYhRKXY1htmzVvtdQyC21ebWWzALtku3Z2sQqE7EII45W5hoG6WdyF8sqWF3fXHyQaJWkeYr/Pb6gmiLohGToSu2hSQeIQI7C0h9krPV1ML2zLmc3t6c37Kq/AaKyWCHjlG+IlZPKGEtk+UdogYLn1US/83LFO69mYYK+CDkzh6h5vc1FBaycJs6Z2U8yppg65xfn0qb96q6R1KX4R5Qr2o5tOvcqoZfUHbieAYhdYnl0Mw5HlnRx2IQ3KHLOLuxor+jfbkGCF2iuLhx2xsv5gnVFi6PfTDcnIUOWNqaIN1TCKNsJAS3tvGF8JDLwCM5vaM5s6LMi2b/IKxUpyWweofHrJq/ScEZhy62lzw6uOg25oLhgTmj6JPE3b7bF8ZE3Qogl+/rdU3Vkmsbyr/hl62lRJQmNzmZQs0gjOCCuIiaru5aYdH9sVms5yraXQRTfIvzGslywrsfTdEumv3ipR49B69QrcuprkfekWpv2POUm9aqiF8kqoI4Abu2gEKmeXkFeml3aSQPuueMJ4pdlcOuzIlQ2bErNRMkpy2UVxYckmi4WTeH3FVA0C7QVY2BVO/1YuELL4yvSBndnNHRa332d5hbbEF49PntYD5dODbs6b8uTcvnB88iCmZEWfdr+g+VXj1cfjtuO4JzhVDe0neYLedhzNQafJcRZNrPprW8Oof4xgxdiGlgfeJx4vWOsimesreBwstwu2diK80pVbwHKttwmSePUb828MerPlXTJ2gR55pOTdouovoeCtq7Rt33fyfe+U8iRo9sQ5YvUHbhNMEdbdSV05UTalSDxRBLPRY9mukKuwg5IAaZLeygy1V4Jl3fwVQlY62GwtbTmyu3FzyLqJ04nwZSWjufiXo2SFE72wKi+lsmdOte1QXpnLVJIQQGvjyuyh7UbT+B6/EWJovJKCnP+wpqHo7X7tm8vk9sG/UA/iH/92TqrTH4DVqwsUs7yMX327LcOz/wymp8tootMfrvkc4ncKp8prQ3LeQ3kvSDeD9jvX/E65pPorbinK0GiF7pzcG8OklVo62fogG/bpjNyLbtEQnnwS7zvVvSxyzrdhaspdHvbswVvepc+qT2oJeSXLjf/WzXdSOlkbwaiDxYwCiVh4pBHaK4u7moxXiCoW+cGovRLySiBmr1KFhWB0bJTqZeeV6I+UFaULyiuLc2CaebNCWhu7s4e12TICnlcSkDMfhGnut7rQwZvfVj63rXwfgXhtgR6QnPdwcvmln1U8MB23l8utQFpRf8Br3TqmUqnihAVRqBGM5Z78TThgRtfayZEA8cs5jxfknIegyf3QnpnHe08wCvNNRBnoOjlzctaDMMXdh8sreP1/s5Vuv1sK3nuyhsWTF9DN4W7si1pEXuEKThUwsYvIDVWyC7NXgumliFf08+3D8WAv7m7YHM79CXtou2FhtDBEYXnDhV04W4fySncx5BWDvUJ5ZQPllWXSQs8r9Qd5xw2wYwc89hg++dVR6zL5IG/eTv/iQ1tHrUhJkEPPghe9iG7g3100al1kkPfcCY8/Docfjne8u0Cq0tSy5v23Imd88Hny33nsEm/J7KJ4xgBMzjE+f0KpYnppzsQrUfRiafPh3Y2HJLyi0gZk/X6WvYFm7Oxi8qSlG+lug0B3CZaeD+0VM68cskymlFBNDeB5xcPDg0dJVynlFYBoWqLazwmReV2gWQq864aNKVF9TsYkQAgye8UQX4mC5GR5w+buhk1spkgvWS40GwcshfH5ggzjhqX4fLaBBcaYUS5ZWWa8oh0PBhyvTHte8fDwGAOUoZaIVyIY2CWBkV2ys+lWv+xCoNldavS6xnU4COls3Nw5aEs4qgF1bCEShjQYTJXPClfZJd12GGNGFY54RWPhxbwyc0ib8Yr3g3l4eIwDiq0htub9tySbnEMKo4nvfLeIAgswxw+iViATRBCWGsOYkoicIZE4JRFAaLY6e8xkSTrrD2q/4IWhbPqWITSv7pWUZFk7EpTFKCX5+K918UoIqSXoGsaDhfbKoW3S8nF7Dw+PsUHpeS2CIaKzXVDaVGwXVAQNtgvKcoTfTb4715+gr05oLnTWH9x+wRbWPSNno0Rfqi2CkkPMYLtkkmbPWOo9491o/Fn659xf1M+LTOL2jSmbZTgqTDyvkK0PjVoFD49xRQFqWfO+m8UDw2IX4Lp1xRUVfS/fcOK637tao3TEK+uovXJYkoHS75vYxeLp4snJthKMLnNeniB+6Fd0arN5kVMbO6sOazdaPT9/ZfiIeIX+9QTj4VECrtSyNuIVeTjZoNglV4Bzt/WWbzyRbTXkWUgEe7TrDu2VFwrKo7nfB+c4imyUmE0WM7vgB3+V6fmZ/y3XuBfOX9nSJk2s4VL5+wiveHh4lIZTrGUtb6+g9JYxHETchQiL4msEIHk7/NKN79HqTNjYYlxevzn0g3F9uvCGxzAr7VtS0hgJGuIo8Zc2SMOJpcJS5r0e/uGvafRO7JXZLcssM88rQ8fQeIUvCLeXWTvAw6O2yKeWte+7KZ2OYXD4q+xiFpB4RzrKnRWL0wgA4xX9FJ6QV3oJrxBhXiRKb3iE8uwiJ1fkQaSiNHNqTV2g4xVgwSBqr8wc6nllNFB5xXf6Hh4lkOMQC3kF0iAHiTtJ9R0AQhSEICo0xB1hNgvqPGPIfWNou0hxF0GgzfHKAe++hiudjS0OeeWF4ftBA8Vtxb9gIHVeobLBpUJxAzD7K6SS5FNhrhT6dcFL9M3NxoOx9cGIXx9sFBgmr9hNFh/j8Rh32Khl7ck3iwdEMtBM4+fZRZHnBfRxF1lADKsIJ9oGPxjEfrBN7QO3sN34rdG6xYn53azrB07esqSxqKQapzGOMUPJD5YFWnrROONlvz7YSDAqXrGc9QTjMb4wOsTWnnwj+xLeUQ9pkCPpS1EZNZt5rHRxF05AH3eRBeQSQ7RvMvEKk1peR3nlMJaYvcYczDNXDNNNUnltKCVLLgprSwEiedLwgpfpNe+Rxmwws4nyip8XWT2kDlprJUhHhuYH8w43j4mEnlpiXmHAurGLkVdCR1tn/4PbGw8LrZCVrE8vxy6mUIpQayu7QGKyhML4kZfqFae8sipYtaXdmPG8MgIM2TJwNFkieOLxGFNoHGL7nXy97IPShe8zGesCl32tBJMljT1j7ZtOMpdEOvu/oL0hWXdSdEMpLi9FeXUyo+DpUsUsA5c17yfGj2jsFeYNC5i9Mkt5ZXXP88ogUII5huYKkwryvOIxMZCpZb+Tb4DYi8RD6pHjHTO7CLt9zXfJNlHzaqQQ6068mv7trD2wve6QLN4OcpAj21D6fWUjLTXv/cQu7EJ55cKj9aovNxqrmb3SWh14XhkEcnmlhiEWD48JgOAQC3klhTK5RPCMoTwiuc/5LszqiCMSWoGlm3/fVAdE0l27vr1+c2xe8GokQQ55gx9bDNIGZExnd4ilQRcAY9ylAXjhy7Vqk4/+bXNLZ+agTnNtgIEfZ1w9asUrKviy/KBnjwlDZrXs997rOSdPBNV2QWE3RDW2S7ynlBjCwitHHf3W7ur17XWb5HW6clf3knS2mSyWoWKqG03YMPEKxdQRS7ObOi3PK8NF2mUPuTe3OLu8veIxeYiphfFKDLn3V6Y/DptdLLxC8dTRv9vecAiSVpzenV0sni4p3CIFabTDlwFkdukBfuzXTWqvueOhmYM7jVm/jsugULS/rpWVUCtlPDxKQDdCTHJcyZ4xVRqsY8aKeMaAc2GFWLr5vRbtN77ryvaml4YvaMEkG2mAlnnde4unK1VK60ZLxawDzPBiI6/s/61vN9dSKfP6BqPDPsIrJQyFftZlGbTJkmbiOcmjJmDUsva9Xwv7RW7ArDLgWGAXw4DjZDSuCpVdbAKQZL9o5RWK+Y1HBlPTKQkI7AKGfl/gCcwU1w4sNgVpwM4uPbzoVXbNqbloGxc3IkwGr1hg6nm1fb2FAKLd/vtxLa/QbN3zVxXz7OJRB7T2f+/XIqcYCv175NgR4vYR/WSmCYBincSHMD4LQoaQ7ZJIQpc82cPFW07O1b6zel2YsJdwCacmJjZBRADxBmRiGcWlRYvywOfJbUDSMim7iKXgxTZeoSZLbr1GgonhlaImiyn6EnXT/VsVjsWlZ/nZ+JGwyWDyQRqP2qIFUwBdtkVkdoF+zJc4qGH2fcUMZJhu6cIr5A/+yvqSR24YWMYEIFst6vKR/Y0xw4+/MlfzGmKf5RXHVKVRNGeteSQdUfnGw6NuaEAn82GRbNRtCnW+pCGILQqQbFON23PBf910Sxde4UpX4vNcwF0esiWIKbuFRgGkpXBVwEvy/GC1xMTwih1aT5HdLqm8+841WRzzMSnmvWEeNUFD7Fu1kNnFOmZMEdOwiygjJ3/CokqW8MP36+iB25DYQmUXTSpezIFdUpaM1jN24JXaesMmAyVcYaXJo0QgpPRxRzHPKx71QRJngaz/1y9ILByzj0jO8rLaLpDJcIvwL95ysZPisJ/AFprp9wpbSOyi5ySQK2thF45j8BOvdlO7dpgYk6XPQV9DgN2R1ScxeF7xqBXSKZMjZxe2sXjL+1yU5lIr002Eft9uu5gsnkRMmoOpyse7iJ98javaNcPE8IoKl+WNi+YQHaF/S5ssg3C+Rfr40ItHrcDPa0Eupm1YkBilMWPifBfDjJYsqg/GKS+Lt76/oOaW9Yz5UcLWDTU4z0f1+bkv5hHM+D9+o6DmtcCEkYo23D2IUkobBwPq/aURZeDNF496QFqeUmCK6m0Xg8BCYV6RlNHaLmaHGHBz7MFsu2iiL7KY55V6ov/uNTVQpOPlwiGleSW3It5Y8agn1EX1BfKwvQgy2e2TXUryipE20vy14RNuA2JvVrKn29AGaZINvPS1ZTQfNSaPV+ozdLgcXCZy2iXdBTw8hoMW75XKwB3TeMbkFPaVYLIE6sImC7d+oLjOSZ4aTxdks0zAMG0l83GBxo0mrARjShX+v/Q3y2o+Skwer6hw6X/tnFGt8yo3tz4HIveTxMNjQEhWdVQnNtrYxWEqJcgCYtyF9eZ98Iqkhm41MOCiO3p2MQRp5DVdFOrqAV7meaUuqPz1Wf3zin3ao5S/tji+FtK4slx5D486oJX0pREviOuyxIumRH/ifjoTQBD5Q1wJRicQFRGxS7+8gpjyVGygpMXxDjdh1RbgxLg1xIRU3JougnAqRnnlv/SlucdIkQZRctdZsSTvB7nz7U1TOyvUwcNj0AhjLRlj6MIkttCLZq6+7DtTBOj/VSU0ldGzBUWy0lDYEMTsowD04Znx5RVvskiQhF2GFPczTdKUg1Supw2PyUAy+Dh7X2IFzjE5B1kAnrvtlD71xmveQs572Oa/0r9B0jC2WIrTpGKiJw0vO6ZPtWn/PpIJ+RPJKyWg0knptOVKN3GhZxSPCQM3r4V7G68ImV00AiJ5KOF6QWC+b14RVSvLLnIARhUTqAgvf11lag8Xk8orlUdZLKhqNLOHxz6CaA2xbMZGMi1QguAZM8534eL4mjFn4dn5207tX2lFNZ0XK/42bNgdYplYKtyrWO1hYVJ5pQQcO/cSjrKqivbwmBiwN6cccNKX013IaEE1Ugh/WJmrLwtwC7hECcj8HRXzCvOJZUWRbCP7G50l+g1BTJHPRpoRvLJKk2VoPrGJ5xXL2xVHNYzKUu4wzSwPj9EifimXwC6CVSLxR0l2mb/9tIoUVsobKLtQ5a98wyDUHjS7TDypuKCfVw4PolxPLR77DlrKERZ74IIuuqh+Av06Y4q8OuO/SuS8n9gQR0lV1U9hicUGxCuDhueVCKPqu13K9bziMdmIrRaQDBeAHNuFO6C3XbJjvb23n1mFqkawh8HMFoFEf85+spss6YZou+Dnjh2o2gMyXDyv1BmE/DVAB/GNo1bEw2OwyKgFdOwCfPBeTGhllyz53ttPr0pXCzTsItBGYXbBzx87cKUHwC6eV4aJEpevsYbdZb2F7HflL5nHREKgFijKLtwxDbuswN67h8ErcXlF2UU1dKKD1Fz7/G8NQ+MQ1bKL76cGhOGMvPCXz2NiIFMLCOwCxQkm3tl7xxmV6ukEcu6D0GjEQRTJHAE3gqG8ctVxw9QZKuq2fK9ULUb+qml/QT3GGhpqgT7YJaKWkfBKrMp5D6YcYmSX6JTOM4bbhs0rEfrsyHw3VAlGTida+IvrMY7QU0sEs3PMGLefAth5x2CD9i4ICSYcmObCLuFf/MLxI1BURLmuzXc9faJ/RqnkEtjV8FfZY7xgo5YIB5x0XfbGMCO7EAhgz92jJxUeZOvDieIGdmmEpPLFeg3Xce/pfHdTGiXoZCStnerpr7XHeCGfWlIc8J6vJAslA08te+48q3q9KgU5/y+Y0kz5lFoQOg388ptGq5gdpu7P9zKl4Wnbw2M4KEAtHh7jC+9u8vAYJv4/OMrOsAplbmRzdHJlYW0KZW5kb2JqCjkgMCBvYmoKPDwvVHlwZSAvWE9iamVjdAovU3VidHlwZSAvSW1hZ2UKL1dpZHRoIDU0MgovSGVpZ2h0IDEwMAovQ29sb3JTcGFjZSAvRGV2aWNlR3JheQovQml0c1BlckNvbXBvbmVudCA4Ci9GaWx0ZXIgL0ZsYXRlRGVjb2RlCi9EZWNvZGVQYXJtcyA8PC9QcmVkaWN0b3IgMTUgL0NvbG9ycyAxIC9CaXRzUGVyQ29tcG9uZW50IDggL0NvbHVtbnMgNTQyPj4KL0xlbmd0aCA5MzY5Pj4Kc3RyZWFtCnic7V0HXBRXE58r3FEs2AFBRVE0NqKCNYpdiQWVgKIC1qhRUYO9F2I09gYRUMAexYYlGruo0URBUewICgoovZe7+3bvbuvt3u4eJJ8l/x8/dnfevC23s+/Nm5k3TwRfEBou9ZSCImBNkvqo1dnlOzXkfaG/Ipua+y6tUR9X+cMJIDdq35FivKbpH/X7PsIOjCL7AhRd2H2qhHZ+kedegJK4s9uTtYTmR5ugm6RvH/xDT/RPQ1phJ6piJBeDqrSooMiA2ibGxnIAVVFhYakBl64kNxaBqqSY49JtD9tmZYrNp3Zspz7sZdV1bwG6M6zDLXRTqU+twGx0p2lzxXuRqE//IZPfY1VXdIJfXDFpcO9ckqUS9x8Q4ptPvUD1BcqcQkmj+ROHXtMQfJvkFiJSk1dH+EN9HKgg8bCu1+tbK2tkJ+fZ7auxzxWCKksatupn37w6svc25sG5p++EXbpe487OdjbITvqrvy7GJtC/aAIWgbb355yH/suecZ1SmtJBJhs9cVjO91phtemfL+vd5CFWLor2KjMdMWmcYhrtarL8GecqOcx2OtY6SUvZGqYSSbIEPtLHgwoRj4auY1pod6u0a/dD8caIvwXUbuM2qZp218rKZd5fwecT+Ff+ynm6vXa3Ro12k3N2RUSxsXZo984zDuDsWc6TikqRt7vwQciY3dc1hBFfbaozYo4XXp6LSNjC+K0+QbTnFJfGp8CLG1eaTFqkpTzllMWPGhUgHmJvv68oBPm8WRu3JrNw02E9wc+UQnB0jNm4V8mvsnT0CmsKocoM35Uhrxl5Zd3hUhzPmxKh/45O6NlcIx5VRsKxd/0GV8vEysXov0OjnB3on4FIhvx7d2JWJ5FKQ+iDbEXxrCL7sUNc7jPY7Nz1FZ0mm/tbN361HQ8vMaXTHMJCrXhVrhu6y5pOEy051J6RWV4PcthOpO5DSrRigRPTwFizN7DVqWvPj1ZZTK2UlwgNmU93p0iO7Y4MDw8Pm8J23Y8e5RaPlgfGMZE7HXTmU9stogMTeXREcx6VrQ6NZCJ3iPiWiVzyFsyZz2MEVYyQTXVENabQa2jlqfJIqOS/thF4yCjFVRsBS8/RSp6vbTzg5OzZs2f8xMz2CaC8nUuLfS2ZCyz2jL7CWds7wIS5oENE1zSuynUOdGYuqLvP+4QutfjKlF4d/kR2TEtpo6NU6G+WBdAdijHxUPdt4zpArOZmeoCzM7KtNX6Htlyteg9yLIylX0SFjoUbekpPY4RD+7ke46NGOcWDVToQpSJ41J8ctftuYZEOAPuI3hwD5NoHurIVVd2WcF+XevNJ070LD4ncffMHUk995239zasT+s9XXtUSVEZVJbW9JlUJjkGP5G7y/XuQbU8/H614qEwtlNYjPOW/PgQqVFJL02q9ZjR6fQCj2FkqxeLsPP2P8vGifJ1Ly/2t2AsbrZaxF6JwDK/CXthluURv5ToHu7MXWm+00CUmT8psFBQTG9SxqmY4KgPt/cWFgNe56N2W8T9rjiWSuvf+vjC/2iE/dTPTemzqht8RrCz4arC63Ejq9OftM35WB+YVU68gElfZdv9moEOyj7bpk8PMW7dv3bw1QO+jfMQol3g4HGRtO1B0W6C3ttPJ2vqKZ/TSV2qlTzoAnMcwEK+28xe1bl641EUzLgo9v7tQvaNYPT6uXtOSkK7ZGr67IXfzcvPODhqvOX59Njwa3eZMjr+nJhw5Gpudm3qkz4Qs2gUylj1+W5AbM7fTZS1h5+9J2dnZeRl0xk8GIm4WVnx9wF4/Q6L7HfbC9kc5hidX+7CbuOrtYe1ZNEh2Y+rZJKYiUBZiRjvjYkyBBFMpKItxlcQI6XJFCrxpkCs1JSKTAi0B/agUDHcnMlGBSFVMDMuNxejAVlnCc6D+0aEc4mG7txMXi/9iFVuR0zGuwatiwO9sRQ3DWbRSAiuWsV76P/CG4Z2LxUZO6QDXBmwl7U5wmjbEXmwldns5pQMG2XCy/AdOGCwetXcO5mayb8dS0DaSQXekQdSjMnOB3Z6O3Jd2aMvN8x+4YKh4VA8ZyINL2oaZzkc6ACo7M5Jt9zCa0uhw4MP0H/TDQPGouovfWO0rIyaq4wlLPpWNGMWg3j5e0gH2ZrzY/oM+GGYWMwvh0bOgsLB4o0tsf7gur8pG9RiIVvt59CwoWtTK1yWKjYp1iZoSpsGFeX2j0teZDAUynWGLLqU8EDWqClmJZfz5gaaIV7U2VSZmCgussGxQVpaYQTuvATAO/44nZ77LNR2a02Gm186EqG90SHX3c4xocWR0o9s0wWVkHUnilnsMzOO+sS69uYEiTw79m1hWqS1RpGW9efD7S3JJ48nN5BmnQskkz0G1C59vSkD2GgwV0QVN9OYwuqk+oAaFLHl8GhjRv2vD6pZmkJeW8+TKORLd3RqTAUlmckwKUdDeqwkk7b2IH3fvb1+zplyZlpf04JTWLdS2p06clSj+OHHQpnermjXqKBRpH5L//iOR4GG+Q70wDnPnzfvdETrFMYL3mOKZrl3lsBvfylld6R6Rif41kf+J4y7SWSW/jkJdrGfGpuIkjzH2DfADxYt7WwgzStdtqDGwcIcfThEvml0J2cSOvg9TpjXVvZWcP2fGQccNrWkuhPRrs1/q8Ip/HPBVTfzo/Yvjv2hlov36loSRuTg3JenYQa0H2nWDLfI/dWGI5rDXnJaEZvf8pv9zZLPOrb7ubWVeGaU15LhOaE6Ul7y8/QsW+WCAeJjt5tt2IHA/TCM4HufnrEfxWCdSYOd43jec2Y0mHg7XK6m3aaP+oBbIA300O4GTtZSm6ztXpfK8i5qlDQCTn+6p3qpmr8cKvz2mUbGuOvc8Zcx4MyeG1D/6tS55iy+d4rK8NVVdK302PxLd1jtAtyMUvA7agG5tzjVTH2f1u438N17/XS0KW+KBRYrxO5l/tnBv9L/9FsdqVPqbY7M0/ZJw1dQ8TIB06KD9Sf7SoYtg/tIB+TRlQNxLIx1QO7w3paBSkLd2r6825u27qy406QDL76721+x1dtBsRasGactMhmnfaCsXT2bpAJfmgxikA4Y70ggr9rejKfNGzfdsRB96oI6VybTpT7vUd9tEc2zeD32YiMlU6YD6swNEE1l+Nhc0bmL6tT406QCbabc1liXBqmnNna5C2Gk9XvtjfEa0LJAF+gho7J5RlSwwxr2HFmE+5wl6tS0jsbMaq1t1sf90nQglBA0PfP8b2s6rg2LV3BuT76p3KmG6lKgNW5iK0TBGbbwa9b0YrZvC8D6qThP7lYJOQ4pA7iMdWwZ1MN8l+uEt76fzE0nGhdek07Qwdngk+dmXYXQpant+7CEQ3npYBA8R0h9lfaDWPsxrRIuBqrmb7Rwj5NJxtBGHiHhUS1L7UWP7KNpZp/gySQfymoKGqs+DszdcodE1CUoZazyaivHWlZShhWTtVMavVTL1FzGzFiAa/SOJjuw6jWV4oeKuzA+ExtCLl/kx2h7A9EBfECwelnxspSS8eks+sooUZOlWUYKxKgd4szEyIk7PsLDO/r7averbRtDKuq1gC0KpvM6OSnBZTP35xJlsES4pVxktwE/iyUc+k1jehng8Y/wbijFU7X2OORNTnScstd9HeixiKQJRYBOh4lF7Jx9bKQnFZAXA5iSbjZ0ZqvekA7OA0YIq5+hxFiNd5H6NJmG+YzitxHwzvSMm0GAzTXJ8J1AOJVkhicCIgKtMoS1ZP78iHdX1Z1FckIefzFZi351s8TAnhdmmFuK7fy5JBUb8Yq4nzrHBEoG6hzxEaFxLEmmGR/0jAt0gZaSQc+Mg+lfOgd8f6S2uvm/kWURr2OFBL5jWmnTwMF0lqkXq9fuM3knlXncnmnQkMkkc5m8nVYGyPqYPpOci3UrG2RXED53+QROnrMp/tfsY+Vw/kSZL5T4oAVkrosUhtT3ZqTKFjGiF7cldsBPei9y4eK1ug4591F//gzPZE6Y0V4BCWkcrgKoPGXIQpf22Y0EDorLqdr60xIY0Lh+5PlqQePwiOOopnehc6x0W1nagYzp81yhEoHTAOY5YxGp7vM4YBeqctQZpWHb+4LVkpbheTx8njCJ1D6EaIisF9cwmHYrgbj8HIyUoL5lrKaEHEOq7ZMAD51SB+7VNUCalZwG7HviuIuCPy8Ug7+48GWtPSLbeU6uNFcZO8zAlrpmYpP3bYq3b08Hp6Ma7b9smhRd9syEyskMpKEy3aYdPqq1HjUGcmGYzk6h78mhktlFRs57exGtaMlSIePhPE8CsAWFStz5CH8RxovQpvhvsKbDuhQgujhqhP/TTjXQf0gzf3bQkF908exa5ZQhGa9frHJW/7fZRtDPEoP/wPvXZXVqx6j7LZBtXfGyT/mOY+hwnT15cp/2YSbbnRLRZ/BNWaxuK6hKSkbYZJh5KU7V4hIW1aJp/UX0zaq0I09ZFj9Rtq6gnMaRZ/HMZGmL9+HHkDhf8lqwFiMdK/bGBjMA1U6sTLM5bfXiB7exiDf1gQd7qbE6eWmE6OqgCnPAfJGQW1qkneRtrbR5Qtdc5mnNjZPR6hkEFrtLpjhksQWNTUdFGOU7YaYoWhWG00+9PqA0BF3YQfJoG5TnWpZSRxzQPCrTXaxZx7VIs+m0+JHsWTPBBisZdKcfFHhb5Y3uJPofwOM1v+YvHClYdlx1vH2t3LCINkI5ErH8IZooc1Yvtl7l5QHeEUlDFAduNnkXIQe78lth0q/pAHxAtv3NbyHhb5DdCO0cqf/cuEr0+3umfDSKod/rMc5O937+WZB9Q28Grz9fa+BCdhiSviYWYODo6+qSmv755+THogRgf399bQ1Dfz8DD/AfwFo+V8/lykhD/XLO1OmmAdKiweQVBjBOt9OH4SsMiCUssMJ2vbC/5475/EpvoZm9WSKtj9ssYBtcwK0Q2uFr5dZVNBL0Z5vQojCCrN7GTVpplJZHdzAMqyUrqOjTGDp+VkV7h/XzC61cD2R36PuXEejYfNfIw+Aeyniz0j49gji1HvuLhP0f/vAJmPFf3gFD3uCGhW0qtazVEcNtx3FvICyOhrBZmEk25QSm44aX9WuVSHcd/+yADkk6gMPM6SozNqmLNwXNqw5dLt1m0biVSkcwRj1Qks9aHZ1RnuEm9eg7jFx4AFhBDpetkcukhTDxq8RMP6crZhkiHSuOQrHtM6JhFDYX6DUmChFjS1Tg2gv2DQe/qXFuKW0JxvRZmC1eJsR/+w1NKneRc7duzstaVhc784zKoaOVIiAf+kPlZ+iuJRGRtIyuKYrpa3qY6jV1mu7vtYnqLR7/mswIKPQFn4CUespVz+LDpIEM9gd3quEHSAQmoiUk6X3DbcWy4/sgc0Q3/E6QfUbkuBPcqE7+7kvrKlVhnZWrGEGJTYTl01BDULx69TjG3R21aoGNbk//4ajvHWWjyTTSQfKymsp8Mkw54dhNQvcMw6YCLyIuQLFwhtBqXdCBCEOVKsiIGzFMSRgncfWJE/ZVlmARkZ+GykFXuqZEJTGNckZB2+uFamjCtXJWiy7WlCXNtXLBMqTJPdFc8xEPy84/cTIxIyAWod9LQkPFIRIiXLBNa6ySndCC/ynU3fMS9fSphsgJxETZYqteFUgV30757g/92kUvLGz8YShpX4K+5tgC/1OPZT+kk/2FXdSavi8czv2a8D25A9aPjFioVj3ZxzUxuHuarXwOwiTBUOgoRzXT5EqG1rrjzemdRww9q4k4CppLJssQkrYurap/jJLq4G/Y75RTjH7d8c1Oqy4UfMKO6OPf4ahI5I8dcs2PdkzIY7WgHcJfZklYQsZjBxXPTuZdbYzsbisLWgznE9jm+N96PRDbB+/MUbvFYY2jbAQmHwSTYwJ4F4HImLBEsHfdH6tVKCVz38EeDVjfOolCNMt5hHlDXzaQPcwA+3zdeiQ8GzRRLO/FJQ0IFblSXpr8g06Ofat1psknhpDH1xLVVkdc46xTTqcqCmB2AFy5I2zZt3KhFC5xiz9xhvX+DtVRjtyUQZA/cCnGJUzz8DdQ7ELxJlwX2Mbj2kZL5y4XWue/2lptJg6hhbq1THtJM7yal9521u5YHhiZg5CbrcH9rNOC/tEr6zus6WyQFK1RxzE3BhyeYt7V5gDeuKv6wBe0WGof2xj1/imcKPI/b8h6gg+Zt79+Hstu3kbtuOwozj1diHvyVnvleu1dt6whck2q1FmfYx6V7GGJJ16LsNAQLNYaTcHqm4KQ6D4a94GbC8CFw8nK6Y0YMF/Bf6esTzto9j+O4ESqR+hnf+x4qDFF4u+cZrk1dUHv7Bs37qUH076IjhOfrG91uf33E7ojDY9W7zw7gnCwzwMuIQOABhzGrrcdBfNifc5Oj9ZhngCUdw+tTAkM0KNgzfbbQKrGur7iZOHDhOuZegVYHblz8+21j+349CXd6FE0V3Nt5ksALiDqlaE0o4sKL5AHloR8csN0RLc7ceZTv5OSC58cg1FUxXAnHPjrpnMsx1LMHIvLaqNGAgQfRuEfpJKISM2Je2WK7/eyu3b711r59r2+Ip92bo188fAQ37wQUb6YJ/enIaDSYI3mMDh4MZE5JKAhFwR3NsX2LYS6ZRZUqk1wzSevo/HMcBareIh93bfckUqTNJTVGufu/wp+4ZcusnLLq5kQh6f2awbpumAHeYg7Vk91b8z0au/ZY/PZF7Wb4ePYhy3yojPkH8X07u+EZhZWrk371vE36Ry5jtwh9RSSUVmINceKBQkfmEEh2xAyuAOlABsYXSDNpTGheu99i6Oy5oy8JDK42IyZ31tyRQsp8uXUgadaXuTmlEmXq1sN1W7Fdt/Oh5JLOmCpUpXlzcjj+Xyx2XdXZSFL4nylNkVrwXJ/dQzQ+oDzTVOUOQl8wGcZCK98bVCHSAWWT2DOiXZ6nS3s8vhzWD5t+pIMiX5ZIRGS8tJF8pArAdSaj0ZQgdBaLmiKYzeyfszCB9eb2hOozi4kmBJWj7RBo/dOtLZA/2pVhMi/LKennFlFK0mfGAzNuDS9lqP37QkLxw8twEvb7sljKKZN+on2SmLlSx5FEH7mGYj3O2NCG/FxxzMP6sGgagXji2ClZzNeEqEW5+sTj+19Ziz4+xAzmlA4l7kuj6/EleM+s/sj+9NSZnKvGTVe1ObIY59a8ckUgkSUTb0jwu8EGQqXMFnjqrVwZyTguf+d7hZAvFXr5W4FYRZmE8AeVwYEbOpURPFmhdckpsS+2lBCjsx7Mv9x5D1QkWcVjUgBbyUeIh4M4pQOKcKd1DK3kNRbTWqAZF9/udk53JJgfNEhjrL6M+Wtea+UkD29uRLcw7kvarQqnRDK2H7Q5ttc8bury/O1xiMRZpp7BteG29jDuJdzDzhwDMPGC7mUeeGGdVjEWVfSK1IGe73ta92nTNvZTSyqbeEz4lKQj9ltu6QDVMa09ijLrHUXJVm14yFZtXH1GvxlXaDxXJ07UxK7AU234RE4oVpboozVzhuNve7s2ljEsAaOEhjPcU0wkjRDVey0twj55Q3+1XJ/U0iPVE4QLF2kuWRKQCSe0awhEISd72efHW9T6+ft6/YUfbNC2oKFkLefxgBnXqXUKzo/Sxsqx9PHjgpnpHyXuD+Fn72iyqT9qrJuk69N0W9Qaecu/knwgsokdOjfADp79fT2UCHyXr/GshajCy08S3K6LkOFtdvh0gjJsMXLGomPTiSjAmrP6mlI+bZEydvFz0IGdZ9uOmGEqI/qvU1h/0WKrMyIWx321k388VjQBRVQImo/XahsaM3pmjkaAqrn3cMStGS9vHKdMlvBc1AwZnocuobUxZmM7d8JNK3fvXDyBqbLM4uEdUi698t/F/WG6aRCYYTrEEp6fYYrtatSzSsEd2vIKbZrWaWymUmUkJ8XRlJFvHMW55ykiWb+3ueIBJTEEckbVE2oCD1sTmniwTF6Tdmxa01YGpfG5D2OyCHL1IdXgEdHttegmfxmladFMB1lDYiQhwF/bWVnWEUFu/OsX9OzQzZzNym4yzRBzbNTAprJSmpycdJfUtDCKx+ggORP540SMG1/pMABi1f8r/aVOvp9/4QQSpYQ2AmYSD68AwY6m/x/eujCkT/8PFQQG1dRnu1DpKJ+cpxqy+ByGtNH/Scc/CF3xGLetEgOfPjwbW547CDxdjszMKZ6XuJn+g8HQ8bmM3y7UVvrarRwpXZQR05cZbpxN9vpPOv5R0FsPV8HSkeQaa8vNxYYTE0obG9x6VKh0sC4t8yWDJh49A4VKR/KgaEkNbjYWxCzJBkEJg8hIGV2B0tFi8zi++TS/IFDFo+dBoQvyJg6IBnlrbj5mRI94CFJD3cLvPPlMpOUJ51MTgoUlPvoiQNE9uh9gy1HGhsShMcg5+GWx1kWM5xOAlkKvqcW70RUoHT1OG0PoDr0sVmOu/M0zzvnzAVk8uu6vxcrHjPyxaJyKJUNKVT54MBI1G3Y2bAXxVB+d7LWGo8UhY7j4vf4U09td3zeouCt+IiB1Lp33CR2BFH2v7vy5F1dhxCNPtY/M0aCBy3vv89xMfNEioibEj9Ef1uPpCqc1M1Fb9dbL+FmBEI/Oe3WWDOZA8dh96lN04WJkxFMPtQupMkOSaW58GE13u5YD9X5rAjne+p2+DVZB0gwNd/D+INYccZ8b8M6lc1gDgVWLx2hc26YGqXTP3TUOxs4c69Ex4oPnH9xMeiGd1yl1mcb3VCukGcB0jnXMl9mCr8ZJ7+8IYkOn5H9ywMSjSxjLgt+sKByrjXJ2pucM4IPn7g80OzrpqXkgbeQFAy5JwfylEnikjjuXzO0FsDZMP/tQTzimCQqbORzS/L8Y8dB2Ll3DhUpH3jgsBt7bAJfLU/cYzU4tAyZZvvMst3SMXiAB0Mxl9Z4KcHCVfnYLP6NCf7Xm2t9fCpvZglE/P2jEw3mPUMNn3kQs54xFD+FWzziPGO2es+B8hZAyqtxjlg6bEO3hiVoz7rFDDrcX5uplF/l2gC1q15/DFhN4vK+8l/90oO5cuuwXarnM/R7PSDRFz1LWLIjFg31l/JOb4ZdeWm5bqcVGtD88hyqjtiFyyFnA0Rz0mCCK3452KNWW24FqNet8g88PaOtRf4NQ6cjC2w6QeQh+wTEeePSVq+BJuIXLdnIzcWAxasdTXUBeuGxDAyiZwyFvxn41lGvVA5ulgwDulLtn+4SAiIdsvdAGPmsyMfduouD1YqOH4wksTAUnyChZvEFoFR14qNMMvkKDzEa5AuzjmrHh0Q+uo8HiMN0XGa9tesfB/jkB+fS9hwmsk/MDIR3VfYV6OqM98WnMosm99HEyQLlwPTcTB+pqgvBvvEB21wA8I6enkjoaPcii8Vv6QeF6lDhkM/Lv3AlaMQxo8zq03Df1kUIKtYTmWMmfvJ84GCbUoP5hJBGA21DwJPwFOnOghSNQs+TCvVKAgJqgnJWAHFjbxicjm0Hu38ovn/qVOu/DpwWcRJdrb4nObC36tdDuJXmoVn/JWFBV2lb+2/ooIRV7CzSWFk4kSQe4CJwLm+dFpEYSDRDqbpm/hpuHC96adQPyYgC8BgLsPo2Mrv2cbePnXhX5/YQ0pi4ucVfJ/I18IW83IkqWYWjS88tn+q6JDzwPng654aiK2nFje+RB2n+24gHTuZnIKBxHzqLaRmeFM/0oGn6WOKgxi52REfMqQDqslgKkxTlDbBzYId3Ky7lgO6eNEyIiM6/2XQuQKqkJlLgP0fQ6cB71DW9GVzPIX1s7yKb1hRu7XY2g18Sn0FltEXhnSMboTwLiLsJUy8JplBy7I4T5eEs8yDM/WgmMv5lbAdIBi2xBtaAyIhdpMBvpGKeljzozyQk2vwJz800AZffSIY0ykbH5BMjZVQKwTr2SR9QVPxvIvr7vO6TR7GgL9oGodJROYZk6/elDPIibh4wtIZTaLQWZxEo9SDPLQMp3wWINlHMqQO+A7sMRjeOsA0AiuIwA2H92wo6mAKFp5nDF0h7g2Ht7mEyeNyNZbgJHzwHMUOdpSpne8QdEa9kyGJ2s/eIxbEbTfL10OV4BN/ZxQiwouY1i/TLKcTNBxtYi9+PkQxNB4lE0dyNLhiwhMJpTDVLWNJOA6hH4VoaUpeM2Vc44mZPWs1r+btR+c3nF9r5HyRU6uULiljJwWaQ2L599NtMUwMkZErcD3E1c1QcKA7w6fcaGELHuOuTsKN04jzonpTHj8pssKPA4TjmW1BZQOX/hhorwg43sDapZr5sAJFwegQyql1jsMFUdcbNv1Q2CE9NzABq8nEGNI5knVt2JBqeNNdDpcu9WdUMXozSDeO8moDpr6yOCEL89acLXAv5kIBUwmbZsEz2JpZmACVPZo2jJOY0FJAXNW1p+axgCm6kSuHBK3AzgSe0pYrgTcVgGcStgWj94uxkywqfC0IPUTCndu0PGTqizrgnE1zVW/Z6wUf1zvXHN6w9v7o6oC8VbCyo5djqWUMB4uU8fAiRfoSMdQpDuyZi6lR8Kl1SIdIBHWyhYlGtUB83R0AUU8xt1BsXRt6sWQPEPr6AoWAl2Q6kV5pmobl6QbfkGHj5WQNaKDmpNLWlQrCOq27YGOF3WafelVZdaMV3sc4AA8dgk2IhFwofRZwyvXLxoIzcTD9T3Afg1GiQNAVoOBDh8rbsE0h6iCwqsR3TmVh6IcmNLTTbdBfJWwVJ3yFzcyAzuJKjXHUoYEAOP8kGeiYxXpLtuuMGj8ezpyD5x8PenbfTTpUn5DlzSR/+uQ1OW8b34ioppO6BPc0jdUQpojn3ke89ZVfZBDNLZ7ZBGYIWy2oQ56HQdal872xRu3Jm4AGBCHWtQLmuKLrQcP+w+QNySHz/ALuc2SGuSErGGR/KZTxTSIp5xkxuYUqu/z+Hnzc8eyRAaWpZmpUtkwl7B6ZGZUdULEfIXyDNrFrMOfwqnymS1agGcH1/cbK3GmJpKNpg3dwLFyj5bkKFwxPnKcP3PJYjwxLvFICWqDXfy4dHggU4mTy9fqZi7+yghfcRvZLueoe0AePqGl3qZ584UVl4cw0889gle8IcFHbrAm9+QrVitUGeGlUGa9/QWstij23KrBXRTs6RS5rrMqA5HCw7L4bpfpy4AS0U39g2596NWd0VjU5MCPqUUW4ZAzJDrjAHr5zKSkxjWltFF4XDGSQdF9CVembF3fAVFdpp+BxBC5PQ5hL7ng+79+7qtzgUvjXSUTnxGqmDZFeDmHit4MaJgjAn8FaW66NPPQ+/a658dpEf5rF28fgHzFKHimJ7clQtGnGakK84u5nHpPZPKk/6DDKsR8JyIA0wLVz9SksYerpmpd3cmJQdbFyvIm24LbwYn23QAWIfwl9FytH32kP79hHuiybrFbFOEIkdyT52ae5Kl4MXjZiwlBMKmVpRJQfytKfxGrNhwgtIMbJINkDy4cIqaVrR9JTC2hdcD4qB/U3jwRaaKEOfv52IpW7eI9QOO+outBIcfa//8IYitBMeuKeVesA2D8j08JG4lKZTSHqYvcf5m7E5a0tla6MDu4aBYgE5SCPgAXyBEUDe2ml6O0k0L9HT+LuH6szeUzt3M7ippell/26PcNcXAJWKZIKkt0wQRV3lZE464c0+/cN9es/SmexrA1xG2yV2/nNkLJIgAvIP12h926l/SJkxvMHHRvM36iscG6TPLqYIn6r20wWgeaPY9d7MHMHDEre2ocI8NgZXLKsAh+OkBkYwjfTz1MJzmiNlZ3F7PLMjCuVvZCxEc6/edntKQf0g64BFPP2SkNmlx4gvJ4S9SOtSJKxueZLde/D6UZQVlHP3DWRN0lMzUnzIDwOZ0S9aykPEclf89SI0rTAX6tKC2ijeKZBtCnHXjHjh8F8xiOlVO5bYatTnMNnsztKKsYcIhsZbUqFRSFdeq0lNlmQV5Gf+3+/n/QeM0sQ9rz1gaMo2r7UDhtpVRw8ydxScx+9c7mHMLBRuyRmx5UblqwzoWlW3lzSR1qxURa6pBmTQxJ/NtXGriSwFrGX4O0PrU6q5gyE2avly/5oCj88ruusR78/glWbDy99ElZi7Xq9L+AxC1aWRt28S8IaWnLC1T/z5GEpX2d/oQ9zzm8iPd2p8rMJeryGNSN1pRYOhtOjcb6kzypY2OS9fv5LsspGzQInruurDAf9VFLvu6Q8v6dvW0o6icvBdlb9IB+StMVxAuaZXYRlKjZc16ogLJ5eOMy+p8hiAe36LnGJKFPGPPb3eE+DpafzOBFBPzfOdVPgNHDA06DidFROfuirxRUYZ0HmjXs6tVfVS4S9/Epr/MfJWXV5KpzGa7AXnV6hbWlUzz/+bnMPrUQQ7YqGnZwqmRnRSKn0bHxr0WuoJeXat27RrUFUnf//Xqzmuhy/5Vs2nZ6ut6IsiPi78Zn1COxfuEQTbAtWPtKlB4K/7Jyze5RbnFPC34NapkZv2jN/axgBbPI5fLkWa0qFB/kj42mMqMQFRWUGxQCn6ZiQwZ7BQV/2uZd6oO82iWkv7kYVxySUGJYff82aMc6e4/bZh71X/0+mFhSekXkwjKEPwP4/YJaAplbmRzdHJlYW0KZW5kb2JqCjIgMCBvYmoKPDwKL1Byb2NTZXQgWy9QREYgL1RleHQgL0ltYWdlQiAvSW1hZ2VDIC9JbWFnZUldCi9Gb250IDw8Ci9GMSA2IDAgUgovRjIgNyAwIFIKPj4KL1hPYmplY3QgPDwKL0kxIDggMCBSCj4+Cj4+CmVuZG9iagoxMCAwIG9iago8PAovUHJvZHVjZXIgKEZQREYgMS44NikKL0NyZWF0aW9uRGF0ZSAoRDoyMDI0MDkyNjIwNDkyNiswMicwMCcpCj4+CmVuZG9iagoxMSAwIG9iago8PAovVHlwZSAvQ2F0YWxvZwovUGFnZXMgMSAwIFIKPj4KZW5kb2JqCnhyZWYKMCAxMgowMDAwMDAwMDAwIDY1NTM1IGYgCjAwMDAwMDA3MzMgMDAwMDAgbiAKMDAwMDAyMjQ5NSAwMDAwMCBuIAowMDAwMDAwMDA5IDAwMDAwIG4gCjAwMDAwMDAxNDMgMDAwMDAgbiAKMDAwMDAwMDgyMCAwMDAwMCBuIAowMDAwMDAxMjU0IDAwMDAwIG4gCjAwMDAwMDEzNzIgMDAwMDAgbiAKMDAwMDAwMTQ4NSAwMDAwMCBuIAowMDAwMDEyODgzIDAwMDAwIG4gCjAwMDAwMjI2MTkgMDAwMDAgbiAKMDAwMDAyMjcwMyAwMDAwMCBuIAp0cmFpbGVyCjw8Ci9TaXplIDEyCi9Sb290IDExIDAgUgovSW5mbyAxMCAwIFIKPj4Kc3RhcnR4cmVmCjIyNzUzCiUlRU9GCg==');
INSERT INTO `formulario_empleado` (`id_formu`, `nombre`, `apellido`, `DNI`, `telefono`, `direccion`, `edad`, `n_contrato`, `inicio_contrato`, `fin_contrato`, `legajo`, `usr_baja`, `fecha_baja`, `usr_mod`, `fecha_mod`, `id_tipo_contrato`, `id_hora`, `id_depa`, `id_cargo`, `id_huella`, `archivo`) VALUES
(35, 'prueba8', 'prueba', 27247458, 3517545125, 'prueba', 45, 'Empleado_maia_fernandez-2.pdf', '2024-10-02', '2024-10-31', '9', NULL, NULL, NULL, NULL, 1, 57, 1, 1, 0, 'JVBERi0xLjQKMyAwIG9iago8PC9UeXBlIC9QYWdlCi9QYXJlbnQgMSAwIFIKL1Jlc291cmNlcyAyIDAgUgovR3JvdXAgPDwvVHlwZSAvR3JvdXAgL1MgL1RyYW5zcGFyZW5jeSAvQ1MgL0RldmljZVJHQj4+Ci9Db250ZW50cyA0IDAgUj4+CmVuZG9iago0IDAgb2JqCjw8L0ZpbHRlciAvRmxhdGVEZWNvZGUgL0xlbmd0aCA1MjA+PgpzdHJlYW0KeJx91c2OmzAQwPH7PsUc20MmHn9gs7d2N1HTQ6SqvAAbnIoqQMqmqtSnr7FJSSAakgNC8OcXExsJX58EGgt/nn5BrtBoEOFDFmUG0qEy4ARhbuDQwHpH8NrBt6fPBay3BJShEFAcYVMMh6QkJAdWWXQWigo+vJaX7h0qf4JNcz75suo+QvFzPH29lUByKqS7WSGQDJAmtApW6WDv4TuES1S4QQ6Zk6hcvMG+a956/wzXLFmBwl0jKs/QmXmErMRc3laasi6vhXRuZgkd8QqjUah4/aezP53qqls4xgzvmDpH37dlW/m/M4xWqDMeIw1meRrz/W7pSAXeMSV0lrYZgwwSPyYmt6h0bBT+5I9d+2BMUoa13HSUITls9xbjMrSWt2R5/G8NQ1L3/nCou3aBGTs8ZgpVwzaTGIda8hItMDMxsKnKaolICR4xNUjPBCpWWEGYZyr9hP3vxvddmJPw0rWXPkzQpScFec9UnD8aER0cRzuFeRYv3rV1eDA8JwVZzk1RCqlXIl8R3bu0VcN8Z10mTAGKlW3dsqixxqOmXESRWAkzQ2mDQvMoGdfiofKl68u+foBJFR4zZUg+CxG+sAJh0+5MFRb2sBRwKpW7oRpnlz+X/aVsfPtonFKKpd20DmUTpql/v/co54blgPXY+BYbGi9l/2MJGRs8ZIqMkP7/C+sf8sSYIQplbmRzdHJlYW0KZW5kb2JqCjEgMCBvYmoKPDwvVHlwZSAvUGFnZXMKL0tpZHMgWzMgMCBSIF0KL0NvdW50IDEKL01lZGlhQm94IFswIDAgNTk1LjI4IDg0MS44OV0KPj4KZW5kb2JqCjUgMCBvYmoKPDwvRmlsdGVyIC9GbGF0ZURlY29kZSAvTGVuZ3RoIDM2ND4+CnN0cmVhbQp4nF1Sy26DMBC88xU+pocITBqCJYRESZA49KHSfgCBJUUqBhly4O+7u3bSqkhY47FndlZrPy+Ppe4X4b+ZsalgEV2vWwPzeDUNiDNceu3JULR9s7gdr81QT56P4mqdFxhK3Y1ekvjveDYvZhWbrB3P8OD5r6YF0+uL2HzmFe6r6zR9wwB6EYGXpqKFDn2e6+mlHkD4LNuWLZ73y7pFze+Nj3UCEfJe2izN2MI81Q2YWl/AS4IgFUlRpB7o9t9ZZBXn7u/VQ4FLgF/qJXGEOD7gEgYhEUoiViETMiZiR8SjJXIiSKKsRO6QyFx9MkVMMW4FpboFaL5qg+UClmXkE7siGWEqEkisi9jVOhHe22QR4ZjuhDljxfyOW8hYGzF+srwinDO/Z88T48OR8jtP4pX1PHJf7Ckt7zwlYedJOZXzpLaV86ScqrA4dt1ztzQOejD3OTdXY3DE/Kp4tjTVXsP94U3jRCr6fwB/DbapCmVuZHN0cmVhbQplbmRvYmoKNiAwIG9iago8PC9UeXBlIC9Gb250Ci9CYXNlRm9udCAvSGVsdmV0aWNhLUJvbGQKL1N1YnR5cGUgL1R5cGUxCi9FbmNvZGluZyAvV2luQW5zaUVuY29kaW5nCi9Ub1VuaWNvZGUgNSAwIFIKPj4KZW5kb2JqCjcgMCBvYmoKPDwvVHlwZSAvRm9udAovQmFzZUZvbnQgL0hlbHZldGljYQovU3VidHlwZSAvVHlwZTEKL0VuY29kaW5nIC9XaW5BbnNpRW5jb2RpbmcKL1RvVW5pY29kZSA1IDAgUgo+PgplbmRvYmoKOCAwIG9iago8PC9UeXBlIC9YT2JqZWN0Ci9TdWJ0eXBlIC9JbWFnZQovV2lkdGggNTQyCi9IZWlnaHQgMTAwCi9Db2xvclNwYWNlIC9EZXZpY2VSR0IKL0JpdHNQZXJDb21wb25lbnQgOAovRmlsdGVyIC9GbGF0ZURlY29kZQovRGVjb2RlUGFybXMgPDwvUHJlZGljdG9yIDE1IC9Db2xvcnMgMyAvQml0c1BlckNvbXBvbmVudCA4IC9Db2x1bW5zIDU0Mj4+Ci9TTWFzayA5IDAgUgovTGVuZ3RoIDExMTQyPj4Kc3RyZWFtCnic7X0J2GRFee5X3f0vswCzIMwAYyQCWYxi3GIuVyWgT6JXfYxcgxJR2ZcBNUF5BDFeFESUUQwMLuybQBCIxgB5Eu+9T5bn3htjnsSYKBgTBAFhmPmHmX/pv/s//d2qs9Z+6pw+3X26p97p+fssX1V9Ved0vef7vqo6BBHBw2OcQbY+pD2O299skZTOpqf44y7yLuVaEpqES+dfSVYVlu6xb6I1agUGhca5DwME4jFC/zMibQBe+5ZRKOUEcs8OqiEgCXfC/yQ604Am4u9uGKFuFuz/rW9bzu55+1sHUailBxwhqFYD7X8rzH/Qqnrss5hAammcE/ZxhBglkP6iHow3t9eFY8h9z0I34RK9JYnQo2K72NYJNSIYO6lIMgPimAhRL1kHvjF12VXpNip28Tzk4YiJopbmOX+GkDIKAkjsghHhIHemJk9t5K5nOOsk0hRjjiFpVZCZMpExwwimgSesG5XCEVxIRU1SFbuYPEtDvqAmB1o9809z47Oy/Arq8OvwGEdMCLVQUtEddmUXGN1PiHz952ZS4YhFYReAHrlvDjYBHrN++GqXIBUpbbXmy1j0gFpiGNXDDS3UhagcI0MeHhIao1agAjTPybq5zJeEwhcHBIFwMD4yCi8KufMZbg9jZTH+H2/Eu5jViK/TM0DunxuGrhz64ZVqM6kbHHteKlauj/Y9u8e4YOyppXn2t+jzO3+EsAf7pGvG7IsDO0KUw0NmF3Ln04nmyMwo5DYwMqwwYxfUiUUbMFR2qZAS6skuA7oNJAeUtFsiEw+POmO8HWIhr3BOJA6Et1tI9iXLZGfZgaF5J8gdTwsaCM6uZCOqF9vW+sR4McYu+M6Be8YqJ4OqQi/ShavcyemY1Rh1/ZZx1Ty8neRRDmNMLc2zufiKhl3iLjk5Cwq7qHEXHA67kNufCr9AJgkDbchRfVks3h00uwzIyCjNLlK0ILpwjtFpOwoxRImIxeCUqTw3H2vxKIdxdYhNnf1NyQ+WhSi4Q0Q4qxEA3mhJjwzy2ZPc9mTkxeIiK6ALpaCgsxCAUc4mu+RPB+UZG6jzqqrM62M02O2A9JMeLKr58A2yCPVpYY+aYyyppXX2NxNLQ6SK6thlQCC3/iwphCMWO7sgcFSkk+d3RbatCvUMikBePLxQp1mhU2jQ00RGxSseHu4gY7fQS4vZKxmih3VBgihHUs9YdkYWAHnoWAO3/05/msrIeCWdzklIpm2qmLTBCwMY5AlfLzyhSrfY0Hiln6CL+jRtX8LEfYETS+dbQti09ozj/MrSTKC1NgpVrX8dPPYpjBm1tM7603iLSNbIINilyrn65JYnhPkrMU9Y2ILbsLNLfDbLvMK5+kO2VwY6V9/Dw2NoGCeHWOusB7g9iSlUz5gE1TMmC4DsGasM5ObH4yLSzGMfV14cBTlhk7x2vksVqK0fzMPDo+YYG2ppCrwih1U07KLpaCV20QhAyi7VddPkpsc5dczsggZ24YVByy4yFZH7d/WvtucVDw+P0hgPapk664FEUa7L17MLas+maUQvmJldtCeLg9z4WJazybzQ0AYnhmaxzJmpRP77g+cVDw+PfjAG1DJ15v3iATu7gCu76AeMAc8u5PzvFFaXQ2ivEOPQL1DYArTsohg60oZxgFlJjJBXPKV5eEwG6j5lkueVqLtPul6eRzCNbCcyyDnJMIuKJ2lIdDTqguMAv242ZdAurTm58aes3yeEY7hoeiO3wc5GPixlI5PnU4FBnsQVicXKj0Ee386d/OUctAHfVs3oOJobvql8VmyCEXcZ8R19ZPXtOXxr4eTlUo0jyHfn4Gfc/gzgW0ZZcabPAuCxBXSQ7hZYBfjbdbl25IE5bqfAnVzrEWKyvUIkT5VtVJg8bEw3KixbgV89S0gj6Da7S8s3vru44kCu/89MYcKXIo3+UsaM6eWVMWOqPC/WQzzxBSXUrgOvlBgkRu7bLVifhOA715VWQMyNQLOF71jrlPD+3QZDORMJdTvALbfn43XkkgOO71BQWqPBl5hkWxKSDuSBPdAr/BxTycsg5GrqRHILIjSP7+x2K4824/45IuwGKHAfyvLKedPdktxpJZHfLFXcyfWllqkz76F/5KPO7KIRsLOLlJw0Wt3FqeX5xVvfX1RzcsNjmUkhqi2OG3ZjF3lssWEEs5An4LsOLKo2jCG1kP+JMDcX26ipKRtulBiBTR5qw8Iin0m4gdBo2FfQYa/PyWzHJLkgwR9ktqxdvTBDxZCmf/67NdWfL8LSkqJGVhz5xk75J1MYXG58rctmUhTkfwHs3BltxhcdINsATp20czxyIx6tyypt5ByGEi4cNJv4Dl13H+UmpTLch5qm09YlKZTPhF1EYnpboCMQWi1zLbg7GQ1tC/KtpcmqntQydeZ9yaZy4xJphHDl7MK+EmrZu3jrBwppTr72H7yeOeyiTEnRyStGSS67YA9PPKiQ2lAPXoGi1PInO8Ivfe+Av1fAdCP37YSgp8kqdDmasiL37kh6BOJkDURXKnny0D4BkHuf44b/8QmZw9NSqaQ1NJrQVJazrkiVbzZYW6UHC2UY36LGJrUljaoABv42FBTtScVlrQGQr3/6uzPlFt0G0s2T7PLC8W0G2QW1lsvJTFNK28DUzuXC/Lpo2j+rAhS/k1dN4dvWSefrGMbneAU0rYhZmF0jwNlxRBVA5UjYkHYBd5Cv/kQOuWsC75B1HFngXRXLMspSZfKmUuinB8uFQ0Q14ZVCIHc/Cz1knwDjDfHDBByzuudZ6Ab6rGhHYMiKHQwEsfwPFUslg55eQyajaBIdNFeKaw2NJvazrp9U+aitymUY2JrUdo3SKsSZuBaUtoAQNlAvR05Wcm7iJdPdh+mueptxFzSvwZPt9grjFe0t2nf7Z3dyUOpOXuioV7N2YfzpM+4llPDk/l40TcLwOEfeKHNNsgoyyTpmIsoKSUKalgUI9hpB111z8pWfhF/8iyAzbcUNyN4gmQprxJJRAPx7J+U1ktVS6M9mxV3tcSSVGA5efvL1n+NJm3JlipZM7nqWUXgVYKXPzAru77x66StVPOYxLiBff6a/B/UES8s0KzzpYLbdd3NF74ctllvQX6EDuMLV3sn8bVkvq2X6jG8kHa50Rn9jWW0XSUY1TaSsFAHEZnfJrnCW/Mv/LpsXqDVZRNtFsEXM8ryho9ousjCGDncnjDGvADg+ppE7nrLkwc46Pu7xCALXVC4f6Xo5Verpcq1Rr48DyF1Ps467skKppfjz6prLLbf4Tnt69A0ufpjyld7J/G+tRtRC7RVuD4mdXZL+1Mgu3C6JxSTykAsQ2QUbve7a3Y/n600TXvdjIU8+8xx2EalIKyYpLLOL6najtvOii9o15JViw8NYj+PyQXLrk9oMyG0Rr7jlk6V60rlo1w/Ls2C9yL1zQmVcUgUVq13+EwhNakO36qI7QZGbp4rcHC/QkK8O7Sio8hVni+mdXBdqEXklQn/sopBHAXYhpLnSaXbbK9OrcjUP7RWQSYUnAMc4ChjYRRukUQ27VGylC/PP56pdQ14pjDQmkfPp0cYhNz8hpWZ8EyTxFZdPlOqWn4VJcovuKR+rMKWKlP9clKE6zM+LreGgT0+rmEU3vTC+79CCdVc+vTCTPLCrlnOBTEXkXcpKrl1qlNhLjCqSf3XsJfYE4T4vIlV7Bd1u/oJ3ctAj/8yapBaxlunT7+VGdQkBBML+8bJSWCUOMOjjLlzQJULiazMKQDS+CprNYLnVmd9/90/tmpPrHs04i4+IQPJGyPivNo4C4suJ+VRSuEUJ0qRxl+goL7xnNzRynhgmgVegsLuc3PhTPO0X4u2bHi85UCoIyqRyQvp461oEX6PcVFSSTePtGyyf7Y/A7GyfmTjJFbzEBeDcyG655enJVs2wyrgMtEPE019U2UWsIh89/uGncPQv1IJaRIyeXRoYtLpLraDz47+5zaIo+4FF3KDt97OR7SZ2SUWs7CJWU1cKdzZYgYU9dmO0trxSeLJkcW4gNzzGfpx37SjXZ8UrLLjoQ7c7HcZDlOZnZjRjyrX53/40nrw57INsYkKSm5/AU7bIpZsUDDv0eD6vkIuhOCnPXg/PejHboDWyt4N093Kn8MxfzNUzVuqGx2yneQVWVmB5OVasxfVpGh0UX4I2Z1V/blZDMT0j2O832rBis2iuUdJ0hotIjLeMVJ3wIhZoW3oP79oF++0HF18M27a53snf2D16apk5/U/CjjSdvQE6doGo7TTkAUlDEMINdhfJA5C/MzirQSPQazRanaVWdz5oTlvUJtc8Gn5hvGoMQLamS2SOpNQR7yaqAS/PCcsbqTxkwnFqopQSCjebsHsndDuWq15bXimDcvTwtZ+4d9wyXEwW+tM9+whdueGEJzsBRPH8HqquWktx8kYe8IzDZcXMWumZIK8sd/6wwaFGpoJYz4toa21r5nJHz5oIClyUgsWp92N0jVi50W+528Vzj1IFFA31UHjLJpyh08HzfjnbPf+BrCzIu5Pndo2YWiivRBtxL4smdgmPICEmdgHVfJHoR7VONAJIGo0gmFmaI0EPzW4lcu2PYq0TxUS7RLVaIo3EccPascX5LjWDbUQtlXYb9uyyP03UFmVeAlaGWlLOLtVN5Hb6Tz2Fn3q99gz9eTMzl9J/rnrF6kXIV36CZ7+4vO+oRMKcJOHP8PrHlMMET3fzg8Wl5LS2lsLjU2cczoKg2p9C1CcWqnWOJiT/drIVFz4kMm3D1VPOymjAkaHJV/7dRSxDEBtuFhFb29I7+bpH87zuZJTUMnP6PaKravDsAplhKHvGEoGp5T2t7gI2jF0AueaRxPxQZplIBCCEUjgxEGel5LCLmbpQ1GHuWRbDp3fnxcdqNZ8okwUgHdZZBOUfPONxgBb00MQrcdlbf4ls/7HVZIp6vUJKYqwbJa1ycaASzZiTBMn2R7WPONFxPPfI3BLyW3spZ/IWnnNEMnQz9R+wnwxuDUt3rjWbr2YhBpZNL/95LrDIpP1ZeCm3P5oU7NRQDEWvoN2eo1js5GRw7lHsTgaL/Y8jo5aQV0Dq/WOnT9btlmcXcBBQ2IVMdeapyUJtF5Pa5Es/Et1rOnaBZHUjOZSiyIPZFhHMLDu7UIulCTufZlGW8XSFlXxv8QAj6jrkPZvi+b9sOx3JbD2SXPMjWyHWszb0gpK8WaIZ7UmiX4cpat1jdcxvqzyt8IJfycmB9YBHkj/+Yfh8HTZNt4sffolL/sWuAs0/tw0R8+0kpSOM1Zhq4NlHmRIxFL2CK3ms/JGX2AUYOstCWEvBaKhl5rR7uHaU2EXq7vXsYkoeHrDO1QcjuzSD9szinK7ERLcv/VucSDIXLBuqg0s+m8cudsOI0VgD5p6xu8ImkFegnNVSA9RN7eqtFsi1DsmXfogfsnJDRa2EHzSUUt1VwPOPotXJkTnvl3JleHFhbznIaa6idamk7pSfzK4dGD61zJ52d1wtMz2kj/7cWZDCJCR5y4qaPDxQmF0aQWd2fgfBIJV8/u7z+RTki/+arAWpBEJM7AJatuDEcuModnZh+RPYvQN2P6eOc4tQZ1KBfngFxnZpk7qpXX2spQoMuohq83fJrb8So/4HP/yrFeRcRd3xoy9nKpkxVGqZPY0F7bMeX+YP0ZElrZGlxEXEhaVV8sj8UnoBDs1geWbhuZBX9CBf+FdN4B10bGEzWVR5rRvN7BDj2YWZ+YSRyvPPRTqqak8yr0D9Hv8dUTe1B2K19I1BF1FV/tGyYA654R+8hGz7QX+FGUoZidWSl8/wZuPPnnaXuL4apn+EIyHiZ3hZcxS2USUTkARAoiPhfBTWaTSC5dmFHQ3zFCryxR9IqVhOmKwAlmVsWN1LEBPl9alEeX3mIfc8v4N9ALSusAnnFchfOQMv+LVwvn3+AhVMsoKVM6pRe1CfcvoMrgp9tlKfqKQKQYAXvsy9Dfu/zcjnv19BW9mF3aeLWfMZErXMnnpX+B0rnXSE/bML9sMulJua3SXmB1N4JfWGkW3/InbxIDR9n+xiTGUVi+pDjZXdO0JbRzTuwuFhk88rAPHPwPQJf1F44dHxtiqcHMSPhr2DJavcT6EfZDQxW58P5lVK0LzYx6ZPwVS5LZ/XecVtbr+49lL6RD/XOlGM3V0F25BVXNNKBRQgV/5TscuhtpWtbYvQtrWVhh/Gx2QESdp38gOOM4FEBvM8Y2zEmNkzFidXPWNIms2VpVULO9gS9IYhYeSqH+gCKqlnTJ2YwoslmmjEzHGUzOVlcruxNw7Anufg+Z1M7TGcxVINr4Cry5j+/skV/2g8e9Er4q2hjDcj1/4gpyA0zGNPMb8X1u5XpU4lKt6n0bCwMPAiEoSXPu0eSDWXm14gaq9c/MrsSJHcIkJiiuWNOXRF0baqom3JVf9sr/UwqGX21K+L/DEEdgFhjJnCLkhalFdmF6i90qUco1WbXPH98AXKRBdH0bIL6OiBFw5Pkbw4isQu0uQYxis72YfI9grDUzNQb5OlMl6B/NkV2dZFryCX/4NG4uOvcs4N2AMdIZaIHfnMP+LFrzCdjbFn2dqbIFWJXP49m8TlbyCXfTd7P2n/sFW8nHMfjQRJn/QvebWbVlH3Z27tz/4Tfuzl9jzilkx+Z+z3efn38OMhJeTX2lR02CFd8irhWPHoRURy5CN/CevX684XubLxjE7nJJQS+r+Tl+0jmAc/ryXkFcj4A5Kn74RdIHX0GNZ6iZ/8owCDKeyfLBSDeoG4hGgtmB5ptFaWZlh8Rcsr5Pm7zyNX/5DRLib5EIwjHNkGxy6pmpJYzGZpoB5EedSnyjZ4sbAsaqbs3ck+2juDJrr2N/cVXoFiD1+sy77075MpDuEt+Ampd8hbvOQTryaf/q79OZN2+pauk1GCSxdk1YTqkGgC1Tz0lniGdWirksqkOdDrZW/tXo986fv4IaNjLWki9fjf4yde41DrIm3r3IbhPRA+M4ZNhFe9STj7qe/GLy0uU7q7Szbqjqx38me/hx97pfGsw5082FjLqphXIqD4nalmCL0IuutCL2rlpHX4FQFGBpRX2iGvrGjtlUYnXMepk8xHRb5cZSP1YyKvfHpWSqXIgy6VKp/S0t5d7AMN/RPHo6v2//N9hlegcPQSP/kaSif0Jx3+fVWZ3HLeqMEWFWcEpgM7HiTRFNMnHm6UrwnrmHLFrK3hWvEyLV+Jl8ehlN1t8mmNMUoPstbuaVsb47FE9szzXp0iX2W3NkzuAWZnkEv/n3qr4B+xm7PwpSwoz26e3Dt5OWA8p0NSC2sOK8EArZZVp94JCQWnlZIDIYLjKzmiuM44Gck5ppqB0krJkgBpdNszi88RxisaWiW9IJiaIdvC8dqortoCgtuKD6WkG7FNgsLYYtWTFm2A20owoeKMVObnVJ1jdMiat+8cxCtOK0H1vAJVj091yY3+omwPY/HjAvmj/5NMgSLZw0FuVIxe80+91lUTxpS/QT75f10kczCIhV7siq1Zgxe+NL+UQB4DKpUSygRya6fPYZZUYK1CeCFYFWxOJlZHvPS1+bklyPTkM4kOHnEEnnxgLPa5f7GuCqNDiStIi2hYikh8JqnO1NyPKMrtTobuwKhl1Sl3pv2vhl105CGwiySfoE92aQTLM4u72Hgwbdwesddq7X31G6HTDgtTpsobJ8ZrF8xPHFkWduElTexChRtNWNoLC7t1lQ0RwKrDl5ozAfbqGNUfCK9A1YF3h9zw068ll/xdjlDk6JUeFQs5OdzrVUkLVL7QSy727KHNiJcdY5di/btTa4uTGtQjWuRWoVAd84SNFSHhrfLII+SSRwoUV7B0XZIVNiDIjqjn7nFFxJ1bL/dOxiuOGQi1MF6BzKddhl3sc/Wt9KM7wnabQWea8gquGFgXsdlcPOJl0F2WDpdnFzDbIi6jAKKNJuWVeZjfaXyNR0CmNy+31q/sW7wCo7BaIAqB5rqRyyiGn/mvxTShSS47hlz8tyXKEjCiKZNU86zKxoIKvLqmGHKr0G7D9IxdJKtCbm5GgUqiZYUzwc+8jlz0N3n2hybi4JY5a5OKYy2rTrmDfjINuLCKphK6sArRHJN3iHxAsy+9/JjaKyGvBPo7NbQM2ocdGazZj93NfIRD2ICY15ArUSOWhUpc4yjIZc6LUTuU8srenewpQxe3hx6Z2bw8c3BnQD/APjFAXoGqZ9W55YZXvD4nXlLyg0U1ifWhP2PHIspVvFxb9alSVrvXDaCpHQJatOirjs+PKPR65GN/7dSG1Smv4eNS7YxXDKZtk+KqpBZyyjd0Nci+iHLUzC4oHpN3SNbF6wUgC+mTRm9lemmXcR0X7GGjuXToEd31B2a/cA27pCrxZACKGJ8ccthFTiWeJaEfbG8080bHK0hmNi1PH9zR1L4GGCyvAOTPLxtMbvjZ17lMbSv0YXmWrlfPbfpkuYqXayvHj8tl+ezrq27q1zvWGq90u9AuuVVYhRKXY1htmzVvtdQyC21ebWWzALtku3Z2sQqE7EII45W5hoG6WdyF8sqWF3fXHyQaJWkeYr/Pb6gmiLohGToSu2hSQeIQI7C0h9krPV1ML2zLmc3t6c37Kq/AaKyWCHjlG+IlZPKGEtk+UdogYLn1US/83LFO69mYYK+CDkzh6h5vc1FBaycJs6Z2U8yppg65xfn0qb96q6R1KX4R5Qr2o5tOvcqoZfUHbieAYhdYnl0Mw5HlnRx2IQ3KHLOLuxor+jfbkGCF2iuLhx2xsv5gnVFi6PfTDcnIUOWNqaIN1TCKNsJAS3tvGF8JDLwCM5vaM5s6LMi2b/IKxUpyWweofHrJq/ScEZhy62lzw6uOg25oLhgTmj6JPE3b7bF8ZE3Qogl+/rdU3Vkmsbyr/hl62lRJQmNzmZQs0gjOCCuIiaru5aYdH9sVms5yraXQRTfIvzGslywrsfTdEumv3ipR49B69QrcuprkfekWpv2POUm9aqiF8kqoI4Abu2gEKmeXkFeml3aSQPuueMJ4pdlcOuzIlQ2bErNRMkpy2UVxYckmi4WTeH3FVA0C7QVY2BVO/1YuELL4yvSBndnNHRa332d5hbbEF49PntYD5dODbs6b8uTcvnB88iCmZEWfdr+g+VXj1cfjtuO4JzhVDe0neYLedhzNQafJcRZNrPprW8Oof4xgxdiGlgfeJx4vWOsimesreBwstwu2diK80pVbwHKttwmSePUb828MerPlXTJ2gR55pOTdouovoeCtq7Rt33fyfe+U8iRo9sQ5YvUHbhNMEdbdSV05UTalSDxRBLPRY9mukKuwg5IAaZLeygy1V4Jl3fwVQlY62GwtbTmyu3FzyLqJ04nwZSWjufiXo2SFE72wKi+lsmdOte1QXpnLVJIQQGvjyuyh7UbT+B6/EWJovJKCnP+wpqHo7X7tm8vk9sG/UA/iH/92TqrTH4DVqwsUs7yMX327LcOz/wymp8tootMfrvkc4ncKp8prQ3LeQ3kvSDeD9jvX/E65pPorbinK0GiF7pzcG8OklVo62fogG/bpjNyLbtEQnnwS7zvVvSxyzrdhaspdHvbswVvepc+qT2oJeSXLjf/WzXdSOlkbwaiDxYwCiVh4pBHaK4u7moxXiCoW+cGovRLySiBmr1KFhWB0bJTqZeeV6I+UFaULyiuLc2CaebNCWhu7s4e12TICnlcSkDMfhGnut7rQwZvfVj63rXwfgXhtgR6QnPdwcvmln1U8MB23l8utQFpRf8Br3TqmUqnihAVRqBGM5Z78TThgRtfayZEA8cs5jxfknIegyf3QnpnHe08wCvNNRBnoOjlzctaDMMXdh8sreP1/s5Vuv1sK3nuyhsWTF9DN4W7si1pEXuEKThUwsYvIDVWyC7NXgumliFf08+3D8WAv7m7YHM79CXtou2FhtDBEYXnDhV04W4fySncx5BWDvUJ5ZQPllWXSQs8r9Qd5xw2wYwc89hg++dVR6zL5IG/eTv/iQ1tHrUhJkEPPghe9iG7g3100al1kkPfcCY8/Docfjne8u0Cq0tSy5v23Imd88Hny33nsEm/J7KJ4xgBMzjE+f0KpYnppzsQrUfRiafPh3Y2HJLyi0gZk/X6WvYFm7Oxi8qSlG+lug0B3CZaeD+0VM68cskymlFBNDeB5xcPDg0dJVynlFYBoWqLazwmReV2gWQq864aNKVF9TsYkQAgye8UQX4mC5GR5w+buhk1spkgvWS40GwcshfH5ggzjhqX4fLaBBcaYUS5ZWWa8oh0PBhyvTHte8fDwGAOUoZaIVyIY2CWBkV2ys+lWv+xCoNldavS6xnU4COls3Nw5aEs4qgF1bCEShjQYTJXPClfZJd12GGNGFY54RWPhxbwyc0ib8Yr3g3l4eIwDiq0htub9tySbnEMKo4nvfLeIAgswxw+iViATRBCWGsOYkoicIZE4JRFAaLY6e8xkSTrrD2q/4IWhbPqWITSv7pWUZFk7EpTFKCX5+K918UoIqSXoGsaDhfbKoW3S8nF7Dw+PsUHpeS2CIaKzXVDaVGwXVAQNtgvKcoTfTb4715+gr05oLnTWH9x+wRbWPSNno0Rfqi2CkkPMYLtkkmbPWOo9491o/Fn659xf1M+LTOL2jSmbZTgqTDyvkK0PjVoFD49xRQFqWfO+m8UDw2IX4Lp1xRUVfS/fcOK637tao3TEK+uovXJYkoHS75vYxeLp4snJthKMLnNeniB+6Fd0arN5kVMbO6sOazdaPT9/ZfiIeIX+9QTj4VECrtSyNuIVeTjZoNglV4Bzt/WWbzyRbTXkWUgEe7TrDu2VFwrKo7nfB+c4imyUmE0WM7vgB3+V6fmZ/y3XuBfOX9nSJk2s4VL5+wiveHh4lIZTrGUtb6+g9JYxHETchQiL4msEIHk7/NKN79HqTNjYYlxevzn0g3F9uvCGxzAr7VtS0hgJGuIo8Zc2SMOJpcJS5r0e/uGvafRO7JXZLcssM88rQ8fQeIUvCLeXWTvAw6O2yKeWte+7KZ2OYXD4q+xiFpB4RzrKnRWL0wgA4xX9FJ6QV3oJrxBhXiRKb3iE8uwiJ1fkQaSiNHNqTV2g4xVgwSBqr8wc6nllNFB5xXf6Hh4lkOMQC3kF0iAHiTtJ9R0AQhSEICo0xB1hNgvqPGPIfWNou0hxF0GgzfHKAe++hiudjS0OeeWF4ftBA8Vtxb9gIHVeobLBpUJxAzD7K6SS5FNhrhT6dcFL9M3NxoOx9cGIXx9sFBgmr9hNFh/j8Rh32Khl7ck3iwdEMtBM4+fZRZHnBfRxF1lADKsIJ9oGPxjEfrBN7QO3sN34rdG6xYn53azrB07esqSxqKQapzGOMUPJD5YFWnrROONlvz7YSDAqXrGc9QTjMb4wOsTWnnwj+xLeUQ9pkCPpS1EZNZt5rHRxF05AH3eRBeQSQ7RvMvEKk1peR3nlMJaYvcYczDNXDNNNUnltKCVLLgprSwEiedLwgpfpNe+Rxmwws4nyip8XWT2kDlprJUhHhuYH8w43j4mEnlpiXmHAurGLkVdCR1tn/4PbGw8LrZCVrE8vxy6mUIpQayu7QGKyhML4kZfqFae8sipYtaXdmPG8MgIM2TJwNFkieOLxGFNoHGL7nXy97IPShe8zGesCl32tBJMljT1j7ZtOMpdEOvu/oL0hWXdSdEMpLi9FeXUyo+DpUsUsA5c17yfGj2jsFeYNC5i9Mkt5ZXXP88ogUII5huYKkwryvOIxMZCpZb+Tb4DYi8RD6pHjHTO7CLt9zXfJNlHzaqQQ6068mv7trD2wve6QLN4OcpAj21D6fWUjLTXv/cQu7EJ55cKj9aovNxqrmb3SWh14XhkEcnmlhiEWD48JgOAQC3klhTK5RPCMoTwiuc/5LszqiCMSWoGlm3/fVAdE0l27vr1+c2xe8GokQQ55gx9bDNIGZExnd4ilQRcAY9ylAXjhy7Vqk4/+bXNLZ+agTnNtgIEfZ1w9asUrKviy/KBnjwlDZrXs997rOSdPBNV2QWE3RDW2S7ynlBjCwitHHf3W7ur17XWb5HW6clf3knS2mSyWoWKqG03YMPEKxdQRS7ObOi3PK8NF2mUPuTe3OLu8veIxeYiphfFKDLn3V6Y/DptdLLxC8dTRv9vecAiSVpzenV0sni4p3CIFabTDlwFkdukBfuzXTWqvueOhmYM7jVm/jsugULS/rpWVUCtlPDxKQDdCTHJcyZ4xVRqsY8aKeMaAc2GFWLr5vRbtN77ryvaml4YvaMEkG2mAlnnde4unK1VK60ZLxawDzPBiI6/s/61vN9dSKfP6BqPDPsIrJQyFftZlGbTJkmbiOcmjJmDUsva9Xwv7RW7ArDLgWGAXw4DjZDSuCpVdbAKQZL9o5RWK+Y1HBlPTKQkI7AKGfl/gCcwU1w4sNgVpwM4uPbzoVXbNqbloGxc3IkwGr1hg6nm1fb2FAKLd/vtxLa/QbN3zVxXz7OJRB7T2f+/XIqcYCv175NgR4vYR/WSmCYBincSHMD4LQoaQ7ZJIQpc82cPFW07O1b6zel2YsJdwCacmJjZBRADxBmRiGcWlRYvywOfJbUDSMim7iKXgxTZeoSZLbr1GgonhlaImiyn6EnXT/VsVjsWlZ/nZ+JGwyWDyQRqP2qIFUwBdtkVkdoF+zJc4qGH2fcUMZJhu6cIr5A/+yvqSR24YWMYEIFst6vKR/Y0xw4+/MlfzGmKf5RXHVKVRNGeteSQdUfnGw6NuaEAn82GRbNRtCnW+pCGILQqQbFON23PBf910Sxde4UpX4vNcwF0esiWIKbuFRgGkpXBVwEvy/GC1xMTwih1aT5HdLqm8+841WRzzMSnmvWEeNUFD7Fu1kNnFOmZMEdOwiygjJ3/CokqW8MP36+iB25DYQmUXTSpezIFdUpaM1jN24JXaesMmAyVcYaXJo0QgpPRxRzHPKx71QRJngaz/1y9ILByzj0jO8rLaLpDJcIvwL95ysZPisJ/AFprp9wpbSOyi5ySQK2thF45j8BOvdlO7dpgYk6XPQV9DgN2R1ScxeF7xqBXSKZMjZxe2sXjL+1yU5lIr002Eft9uu5gsnkRMmoOpyse7iJ98javaNcPE8IoKl+WNi+YQHaF/S5ssg3C+Rfr40ItHrcDPa0Eupm1YkBilMWPifBfDjJYsqg/GKS+Lt76/oOaW9Yz5UcLWDTU4z0f1+bkv5hHM+D9+o6DmtcCEkYo23D2IUkobBwPq/aURZeDNF496QFqeUmCK6m0Xg8BCYV6RlNHaLmaHGHBz7MFsu2iiL7KY55V6ov/uNTVQpOPlwiGleSW3It5Y8agn1EX1BfKwvQgy2e2TXUryipE20vy14RNuA2JvVrKn29AGaZINvPS1ZTQfNSaPV+ozdLgcXCZy2iXdBTw8hoMW75XKwB3TeMbkFPaVYLIE6sImC7d+oLjOSZ4aTxdks0zAMG0l83GBxo0mrARjShX+v/Q3y2o+Skwer6hw6X/tnFGt8yo3tz4HIveTxMNjQEhWdVQnNtrYxWEqJcgCYtyF9eZ98Iqkhm41MOCiO3p2MQRp5DVdFOrqAV7meaUuqPz1Wf3zin3ao5S/tji+FtK4slx5D486oJX0pREviOuyxIumRH/ifjoTQBD5Q1wJRicQFRGxS7+8gpjyVGygpMXxDjdh1RbgxLg1xIRU3JougnAqRnnlv/SlucdIkQZRctdZsSTvB7nz7U1TOyvUwcNj0AhjLRlj6MIkttCLZq6+7DtTBOj/VSU0ldGzBUWy0lDYEMTsowD04Znx5RVvskiQhF2GFPczTdKUg1Supw2PyUAy+Dh7X2IFzjE5B1kAnrvtlD71xmveQs572Oa/0r9B0jC2WIrTpGKiJw0vO6ZPtWn/PpIJ+RPJKyWg0knptOVKN3GhZxSPCQM3r4V7G68ImV00AiJ5KOF6QWC+b14RVSvLLnIARhUTqAgvf11lag8Xk8orlUdZLKhqNLOHxz6CaA2xbMZGMi1QguAZM8534eL4mjFn4dn5207tX2lFNZ0XK/42bNgdYplYKtyrWO1hYVJ5pQQcO/cSjrKqivbwmBiwN6cccNKX013IaEE1Ugh/WJmrLwtwC7hECcj8HRXzCvOJZUWRbCP7G50l+g1BTJHPRpoRvLJKk2VoPrGJ5xXL2xVHNYzKUu4wzSwPj9EifimXwC6CVSLxR0l2mb/9tIoUVsobKLtQ5a98wyDUHjS7TDypuKCfVw4PolxPLR77DlrKERZ74IIuuqh+Av06Y4q8OuO/SuS8n9gQR0lV1U9hicUGxCuDhueVCKPqu13K9bziMdmIrRaQDBeAHNuFO6C3XbJjvb23n1mFqkawh8HMFoFEf85+spss6YZou+Dnjh2o2gMyXDyv1BmE/DVAB/GNo1bEw2OwyKgFdOwCfPBeTGhllyz53ttPr0pXCzTsItBGYXbBzx87cKUHwC6eV4aJEpevsYbdZb2F7HflL5nHREKgFijKLtwxDbuswN67h8ErcXlF2UU1dKKD1Fz7/G8NQ+MQ1bKL76cGhOGMvPCXz2NiIFMLCOwCxQkm3tl7xxmV6ukEcu6D0GjEQRTJHAE3gqG8ctVxw9QZKuq2fK9ULUb+qml/QT3GGhpqgT7YJaKWkfBKrMp5D6YcYmSX6JTOM4bbhs0rEfrsyHw3VAlGTida+IvrMY7QU0sEs3PMGLefAth5x2CD9i4ICSYcmObCLuFf/MLxI1BURLmuzXc9faJ/RqnkEtjV8FfZY7xgo5YIB5x0XfbGMCO7EAhgz92jJxUeZOvDieIGdmmEpPLFeg3Xce/pfHdTGiXoZCStnerpr7XHeCGfWlIc8J6vJAslA08te+48q3q9KgU5/y+Y0kz5lFoQOg388ptGq5gdpu7P9zKl4Wnbw2M4KEAtHh7jC+9u8vAYJv4/OMrOsAplbmRzdHJlYW0KZW5kb2JqCjkgMCBvYmoKPDwvVHlwZSAvWE9iamVjdAovU3VidHlwZSAvSW1hZ2UKL1dpZHRoIDU0MgovSGVpZ2h0IDEwMAovQ29sb3JTcGFjZSAvRGV2aWNlR3JheQovQml0c1BlckNvbXBvbmVudCA4Ci9GaWx0ZXIgL0ZsYXRlRGVjb2RlCi9EZWNvZGVQYXJtcyA8PC9QcmVkaWN0b3IgMTUgL0NvbG9ycyAxIC9CaXRzUGVyQ29tcG9uZW50IDggL0NvbHVtbnMgNTQyPj4KL0xlbmd0aCA5MzY5Pj4Kc3RyZWFtCnic7V0HXBRXE58r3FEs2AFBRVE0NqKCNYpdiQWVgKIC1qhRUYO9F2I09gYRUMAexYYlGruo0URBUewICgoovZe7+3bvbuvt3u4eJJ8l/x8/dnfevC23s+/Nm5k3TwRfEBou9ZSCImBNkvqo1dnlOzXkfaG/Ipua+y6tUR9X+cMJIDdq35FivKbpH/X7PsIOjCL7AhRd2H2qhHZ+kedegJK4s9uTtYTmR5ugm6RvH/xDT/RPQ1phJ6piJBeDqrSooMiA2ibGxnIAVVFhYakBl64kNxaBqqSY49JtD9tmZYrNp3Zspz7sZdV1bwG6M6zDLXRTqU+twGx0p2lzxXuRqE//IZPfY1VXdIJfXDFpcO9ckqUS9x8Q4ptPvUD1BcqcQkmj+ROHXtMQfJvkFiJSk1dH+EN9HKgg8bCu1+tbK2tkJ+fZ7auxzxWCKksatupn37w6svc25sG5p++EXbpe487OdjbITvqrvy7GJtC/aAIWgbb355yH/suecZ1SmtJBJhs9cVjO91phtemfL+vd5CFWLor2KjMdMWmcYhrtarL8GecqOcx2OtY6SUvZGqYSSbIEPtLHgwoRj4auY1pod6u0a/dD8caIvwXUbuM2qZp218rKZd5fwecT+Ff+ynm6vXa3Ro12k3N2RUSxsXZo984zDuDsWc6TikqRt7vwQciY3dc1hBFfbaozYo4XXp6LSNjC+K0+QbTnFJfGp8CLG1eaTFqkpTzllMWPGhUgHmJvv68oBPm8WRu3JrNw02E9wc+UQnB0jNm4V8mvsnT0CmsKocoM35Uhrxl5Zd3hUhzPmxKh/45O6NlcIx5VRsKxd/0GV8vEysXov0OjnB3on4FIhvx7d2JWJ5FKQ+iDbEXxrCL7sUNc7jPY7Nz1FZ0mm/tbN361HQ8vMaXTHMJCrXhVrhu6y5pOEy051J6RWV4PcthOpO5DSrRigRPTwFizN7DVqWvPj1ZZTK2UlwgNmU93p0iO7Y4MDw8Pm8J23Y8e5RaPlgfGMZE7HXTmU9stogMTeXREcx6VrQ6NZCJ3iPiWiVzyFsyZz2MEVYyQTXVENabQa2jlqfJIqOS/thF4yCjFVRsBS8/RSp6vbTzg5OzZs2f8xMz2CaC8nUuLfS2ZCyz2jL7CWds7wIS5oENE1zSuynUOdGYuqLvP+4QutfjKlF4d/kR2TEtpo6NU6G+WBdAdijHxUPdt4zpArOZmeoCzM7KtNX6Htlyteg9yLIylX0SFjoUbekpPY4RD+7ke46NGOcWDVToQpSJ41J8ctftuYZEOAPuI3hwD5NoHurIVVd2WcF+XevNJ070LD4ncffMHUk995239zasT+s9XXtUSVEZVJbW9JlUJjkGP5G7y/XuQbU8/H614qEwtlNYjPOW/PgQqVFJL02q9ZjR6fQCj2FkqxeLsPP2P8vGifJ1Ly/2t2AsbrZaxF6JwDK/CXthluURv5ToHu7MXWm+00CUmT8psFBQTG9SxqmY4KgPt/cWFgNe56N2W8T9rjiWSuvf+vjC/2iE/dTPTemzqht8RrCz4arC63Ejq9OftM35WB+YVU68gElfZdv9moEOyj7bpk8PMW7dv3bw1QO+jfMQol3g4HGRtO1B0W6C3ttPJ2vqKZ/TSV2qlTzoAnMcwEK+28xe1bl641EUzLgo9v7tQvaNYPT6uXtOSkK7ZGr67IXfzcvPODhqvOX59Njwa3eZMjr+nJhw5Gpudm3qkz4Qs2gUylj1+W5AbM7fTZS1h5+9J2dnZeRl0xk8GIm4WVnx9wF4/Q6L7HfbC9kc5hidX+7CbuOrtYe1ZNEh2Y+rZJKYiUBZiRjvjYkyBBFMpKItxlcQI6XJFCrxpkCs1JSKTAi0B/agUDHcnMlGBSFVMDMuNxejAVlnCc6D+0aEc4mG7txMXi/9iFVuR0zGuwatiwO9sRQ3DWbRSAiuWsV76P/CG4Z2LxUZO6QDXBmwl7U5wmjbEXmwldns5pQMG2XCy/AdOGCwetXcO5mayb8dS0DaSQXekQdSjMnOB3Z6O3Jd2aMvN8x+4YKh4VA8ZyINL2oaZzkc6ACo7M5Jt9zCa0uhw4MP0H/TDQPGouovfWO0rIyaq4wlLPpWNGMWg3j5e0gH2ZrzY/oM+GGYWMwvh0bOgsLB4o0tsf7gur8pG9RiIVvt59CwoWtTK1yWKjYp1iZoSpsGFeX2j0teZDAUynWGLLqU8EDWqClmJZfz5gaaIV7U2VSZmCgussGxQVpaYQTuvATAO/44nZ77LNR2a02Gm186EqG90SHX3c4xocWR0o9s0wWVkHUnilnsMzOO+sS69uYEiTw79m1hWqS1RpGW9efD7S3JJ48nN5BmnQskkz0G1C59vSkD2GgwV0QVN9OYwuqk+oAaFLHl8GhjRv2vD6pZmkJeW8+TKORLd3RqTAUlmckwKUdDeqwkk7b2IH3fvb1+zplyZlpf04JTWLdS2p06clSj+OHHQpnermjXqKBRpH5L//iOR4GG+Q70wDnPnzfvdETrFMYL3mOKZrl3lsBvfylld6R6Rif41kf+J4y7SWSW/jkJdrGfGpuIkjzH2DfADxYt7WwgzStdtqDGwcIcfThEvml0J2cSOvg9TpjXVvZWcP2fGQccNrWkuhPRrs1/q8Ip/HPBVTfzo/Yvjv2hlov36loSRuTg3JenYQa0H2nWDLfI/dWGI5rDXnJaEZvf8pv9zZLPOrb7ubWVeGaU15LhOaE6Ul7y8/QsW+WCAeJjt5tt2IHA/TCM4HufnrEfxWCdSYOd43jec2Y0mHg7XK6m3aaP+oBbIA300O4GTtZSm6ztXpfK8i5qlDQCTn+6p3qpmr8cKvz2mUbGuOvc8Zcx4MyeG1D/6tS55iy+d4rK8NVVdK302PxLd1jtAtyMUvA7agG5tzjVTH2f1u438N17/XS0KW+KBRYrxO5l/tnBv9L/9FsdqVPqbY7M0/ZJw1dQ8TIB06KD9Sf7SoYtg/tIB+TRlQNxLIx1QO7w3paBSkLd2r6825u27qy406QDL76721+x1dtBsRasGactMhmnfaCsXT2bpAJfmgxikA4Y70ggr9rejKfNGzfdsRB96oI6VybTpT7vUd9tEc2zeD32YiMlU6YD6swNEE1l+Nhc0bmL6tT406QCbabc1liXBqmnNna5C2Gk9XvtjfEa0LJAF+gho7J5RlSwwxr2HFmE+5wl6tS0jsbMaq1t1sf90nQglBA0PfP8b2s6rg2LV3BuT76p3KmG6lKgNW5iK0TBGbbwa9b0YrZvC8D6qThP7lYJOQ4pA7iMdWwZ1MN8l+uEt76fzE0nGhdek07Qwdngk+dmXYXQpant+7CEQ3npYBA8R0h9lfaDWPsxrRIuBqrmb7Rwj5NJxtBGHiHhUS1L7UWP7KNpZp/gySQfymoKGqs+DszdcodE1CUoZazyaivHWlZShhWTtVMavVTL1FzGzFiAa/SOJjuw6jWV4oeKuzA+ExtCLl/kx2h7A9EBfECwelnxspSS8eks+sooUZOlWUYKxKgd4szEyIk7PsLDO/r7averbRtDKuq1gC0KpvM6OSnBZTP35xJlsES4pVxktwE/iyUc+k1jehng8Y/wbijFU7X2OORNTnScstd9HeixiKQJRYBOh4lF7Jx9bKQnFZAXA5iSbjZ0ZqvekA7OA0YIq5+hxFiNd5H6NJmG+YzitxHwzvSMm0GAzTXJ8J1AOJVkhicCIgKtMoS1ZP78iHdX1Z1FckIefzFZi351s8TAnhdmmFuK7fy5JBUb8Yq4nzrHBEoG6hzxEaFxLEmmGR/0jAt0gZaSQc+Mg+lfOgd8f6S2uvm/kWURr2OFBL5jWmnTwMF0lqkXq9fuM3knlXncnmnQkMkkc5m8nVYGyPqYPpOci3UrG2RXED53+QROnrMp/tfsY+Vw/kSZL5T4oAVkrosUhtT3ZqTKFjGiF7cldsBPei9y4eK1ug4591F//gzPZE6Y0V4BCWkcrgKoPGXIQpf22Y0EDorLqdr60xIY0Lh+5PlqQePwiOOopnehc6x0W1nagYzp81yhEoHTAOY5YxGp7vM4YBeqctQZpWHb+4LVkpbheTx8njCJ1D6EaIisF9cwmHYrgbj8HIyUoL5lrKaEHEOq7ZMAD51SB+7VNUCalZwG7HviuIuCPy8Ug7+48GWtPSLbeU6uNFcZO8zAlrpmYpP3bYq3b08Hp6Ma7b9smhRd9syEyskMpKEy3aYdPqq1HjUGcmGYzk6h78mhktlFRs57exGtaMlSIePhPE8CsAWFStz5CH8RxovQpvhvsKbDuhQgujhqhP/TTjXQf0gzf3bQkF908exa5ZQhGa9frHJW/7fZRtDPEoP/wPvXZXVqx6j7LZBtXfGyT/mOY+hwnT15cp/2YSbbnRLRZ/BNWaxuK6hKSkbYZJh5KU7V4hIW1aJp/UX0zaq0I09ZFj9Rtq6gnMaRZ/HMZGmL9+HHkDhf8lqwFiMdK/bGBjMA1U6sTLM5bfXiB7exiDf1gQd7qbE6eWmE6OqgCnPAfJGQW1qkneRtrbR5Qtdc5mnNjZPR6hkEFrtLpjhksQWNTUdFGOU7YaYoWhWG00+9PqA0BF3YQfJoG5TnWpZSRxzQPCrTXaxZx7VIs+m0+JHsWTPBBisZdKcfFHhb5Y3uJPofwOM1v+YvHClYdlx1vH2t3LCINkI5ErH8IZooc1Yvtl7l5QHeEUlDFAduNnkXIQe78lth0q/pAHxAtv3NbyHhb5DdCO0cqf/cuEr0+3umfDSKod/rMc5O937+WZB9Q28Grz9fa+BCdhiSviYWYODo6+qSmv755+THogRgf399bQ1Dfz8DD/AfwFo+V8/lykhD/XLO1OmmAdKiweQVBjBOt9OH4SsMiCUssMJ2vbC/5475/EpvoZm9WSKtj9ssYBtcwK0Q2uFr5dZVNBL0Z5vQojCCrN7GTVpplJZHdzAMqyUrqOjTGDp+VkV7h/XzC61cD2R36PuXEejYfNfIw+Aeyniz0j49gji1HvuLhP0f/vAJmPFf3gFD3uCGhW0qtazVEcNtx3FvICyOhrBZmEk25QSm44aX9WuVSHcd/+yADkk6gMPM6SozNqmLNwXNqw5dLt1m0biVSkcwRj1Qks9aHZ1RnuEm9eg7jFx4AFhBDpetkcukhTDxq8RMP6crZhkiHSuOQrHtM6JhFDYX6DUmChFjS1Tg2gv2DQe/qXFuKW0JxvRZmC1eJsR/+w1NKneRc7duzstaVhc784zKoaOVIiAf+kPlZ+iuJRGRtIyuKYrpa3qY6jV1mu7vtYnqLR7/mswIKPQFn4CUespVz+LDpIEM9gd3quEHSAQmoiUk6X3DbcWy4/sgc0Q3/E6QfUbkuBPcqE7+7kvrKlVhnZWrGEGJTYTl01BDULx69TjG3R21aoGNbk//4ajvHWWjyTTSQfKymsp8Mkw54dhNQvcMw6YCLyIuQLFwhtBqXdCBCEOVKsiIGzFMSRgncfWJE/ZVlmARkZ+GykFXuqZEJTGNckZB2+uFamjCtXJWiy7WlCXNtXLBMqTJPdFc8xEPy84/cTIxIyAWod9LQkPFIRIiXLBNa6ySndCC/ynU3fMS9fSphsgJxETZYqteFUgV30757g/92kUvLGz8YShpX4K+5tgC/1OPZT+kk/2FXdSavi8czv2a8D25A9aPjFioVj3ZxzUxuHuarXwOwiTBUOgoRzXT5EqG1rrjzemdRww9q4k4CppLJssQkrYurap/jJLq4G/Y75RTjH7d8c1Oqy4UfMKO6OPf4ahI5I8dcs2PdkzIY7WgHcJfZklYQsZjBxXPTuZdbYzsbisLWgznE9jm+N96PRDbB+/MUbvFYY2jbAQmHwSTYwJ4F4HImLBEsHfdH6tVKCVz38EeDVjfOolCNMt5hHlDXzaQPcwA+3zdeiQ8GzRRLO/FJQ0IFblSXpr8g06Ofat1psknhpDH1xLVVkdc46xTTqcqCmB2AFy5I2zZt3KhFC5xiz9xhvX+DtVRjtyUQZA/cCnGJUzz8DdQ7ELxJlwX2Mbj2kZL5y4XWue/2lptJg6hhbq1THtJM7yal9521u5YHhiZg5CbrcH9rNOC/tEr6zus6WyQFK1RxzE3BhyeYt7V5gDeuKv6wBe0WGof2xj1/imcKPI/b8h6gg+Zt79+Hstu3kbtuOwozj1diHvyVnvleu1dt6whck2q1FmfYx6V7GGJJ16LsNAQLNYaTcHqm4KQ6D4a94GbC8CFw8nK6Y0YMF/Bf6esTzto9j+O4ESqR+hnf+x4qDFF4u+cZrk1dUHv7Bs37qUH076IjhOfrG91uf33E7ojDY9W7zw7gnCwzwMuIQOABhzGrrcdBfNifc5Oj9ZhngCUdw+tTAkM0KNgzfbbQKrGur7iZOHDhOuZegVYHblz8+21j+349CXd6FE0V3Nt5ksALiDqlaE0o4sKL5AHloR8csN0RLc7ceZTv5OSC58cg1FUxXAnHPjrpnMsx1LMHIvLaqNGAgQfRuEfpJKISM2Je2WK7/eyu3b711r59r2+Ip92bo188fAQ37wQUb6YJ/enIaDSYI3mMDh4MZE5JKAhFwR3NsX2LYS6ZRZUqk1wzSevo/HMcBareIh93bfckUqTNJTVGufu/wp+4ZcusnLLq5kQh6f2awbpumAHeYg7Vk91b8z0au/ZY/PZF7Wb4ePYhy3yojPkH8X07u+EZhZWrk371vE36Ry5jtwh9RSSUVmINceKBQkfmEEh2xAyuAOlABsYXSDNpTGheu99i6Oy5oy8JDK42IyZ31tyRQsp8uXUgadaXuTmlEmXq1sN1W7Fdt/Oh5JLOmCpUpXlzcjj+Xyx2XdXZSFL4nylNkVrwXJ/dQzQ+oDzTVOUOQl8wGcZCK98bVCHSAWWT2DOiXZ6nS3s8vhzWD5t+pIMiX5ZIRGS8tJF8pArAdSaj0ZQgdBaLmiKYzeyfszCB9eb2hOozi4kmBJWj7RBo/dOtLZA/2pVhMi/LKennFlFK0mfGAzNuDS9lqP37QkLxw8twEvb7sljKKZN+on2SmLlSx5FEH7mGYj3O2NCG/FxxzMP6sGgagXji2ClZzNeEqEW5+sTj+19Ziz4+xAzmlA4l7kuj6/EleM+s/sj+9NSZnKvGTVe1ObIY59a8ckUgkSUTb0jwu8EGQqXMFnjqrVwZyTguf+d7hZAvFXr5W4FYRZmE8AeVwYEbOpURPFmhdckpsS+2lBCjsx7Mv9x5D1QkWcVjUgBbyUeIh4M4pQOKcKd1DK3kNRbTWqAZF9/udk53JJgfNEhjrL6M+Wtea+UkD29uRLcw7kvarQqnRDK2H7Q5ttc8bury/O1xiMRZpp7BteG29jDuJdzDzhwDMPGC7mUeeGGdVjEWVfSK1IGe73ta92nTNvZTSyqbeEz4lKQj9ltu6QDVMa09ijLrHUXJVm14yFZtXH1GvxlXaDxXJ07UxK7AU234RE4oVpboozVzhuNve7s2ljEsAaOEhjPcU0wkjRDVey0twj55Q3+1XJ/U0iPVE4QLF2kuWRKQCSe0awhEISd72efHW9T6+ft6/YUfbNC2oKFkLefxgBnXqXUKzo/Sxsqx9PHjgpnpHyXuD+Fn72iyqT9qrJuk69N0W9Qaecu/knwgsokdOjfADp79fT2UCHyXr/GshajCy08S3K6LkOFtdvh0gjJsMXLGomPTiSjAmrP6mlI+bZEydvFz0IGdZ9uOmGEqI/qvU1h/0WKrMyIWx321k388VjQBRVQImo/XahsaM3pmjkaAqrn3cMStGS9vHKdMlvBc1AwZnocuobUxZmM7d8JNK3fvXDyBqbLM4uEdUi698t/F/WG6aRCYYTrEEp6fYYrtatSzSsEd2vIKbZrWaWymUmUkJ8XRlJFvHMW55ykiWb+3ueIBJTEEckbVE2oCD1sTmniwTF6Tdmxa01YGpfG5D2OyCHL1IdXgEdHttegmfxmladFMB1lDYiQhwF/bWVnWEUFu/OsX9OzQzZzNym4yzRBzbNTAprJSmpycdJfUtDCKx+ggORP540SMG1/pMABi1f8r/aVOvp9/4QQSpYQ2AmYSD68AwY6m/x/eujCkT/8PFQQG1dRnu1DpKJ+cpxqy+ByGtNH/Scc/CF3xGLetEgOfPjwbW547CDxdjszMKZ6XuJn+g8HQ8bmM3y7UVvrarRwpXZQR05cZbpxN9vpPOv5R0FsPV8HSkeQaa8vNxYYTE0obG9x6VKh0sC4t8yWDJh49A4VKR/KgaEkNbjYWxCzJBkEJg8hIGV2B0tFi8zi++TS/IFDFo+dBoQvyJg6IBnlrbj5mRI94CFJD3cLvPPlMpOUJ51MTgoUlPvoiQNE9uh9gy1HGhsShMcg5+GWx1kWM5xOAlkKvqcW70RUoHT1OG0PoDr0sVmOu/M0zzvnzAVk8uu6vxcrHjPyxaJyKJUNKVT54MBI1G3Y2bAXxVB+d7LWGo8UhY7j4vf4U09td3zeouCt+IiB1Lp33CR2BFH2v7vy5F1dhxCNPtY/M0aCBy3vv89xMfNEioibEj9Ef1uPpCqc1M1Fb9dbL+FmBEI/Oe3WWDOZA8dh96lN04WJkxFMPtQupMkOSaW58GE13u5YD9X5rAjne+p2+DVZB0gwNd/D+INYccZ8b8M6lc1gDgVWLx2hc26YGqXTP3TUOxs4c69Ex4oPnH9xMeiGd1yl1mcb3VCukGcB0jnXMl9mCr8ZJ7+8IYkOn5H9ywMSjSxjLgt+sKByrjXJ2pucM4IPn7g80OzrpqXkgbeQFAy5JwfylEnikjjuXzO0FsDZMP/tQTzimCQqbORzS/L8Y8dB2Ll3DhUpH3jgsBt7bAJfLU/cYzU4tAyZZvvMst3SMXiAB0Mxl9Z4KcHCVfnYLP6NCf7Xm2t9fCpvZglE/P2jEw3mPUMNn3kQs54xFD+FWzziPGO2es+B8hZAyqtxjlg6bEO3hiVoz7rFDDrcX5uplF/l2gC1q15/DFhN4vK+8l/90oO5cuuwXarnM/R7PSDRFz1LWLIjFg31l/JOb4ZdeWm5bqcVGtD88hyqjtiFyyFnA0Rz0mCCK3452KNWW24FqNet8g88PaOtRf4NQ6cjC2w6QeQh+wTEeePSVq+BJuIXLdnIzcWAxasdTXUBeuGxDAyiZwyFvxn41lGvVA5ulgwDulLtn+4SAiIdsvdAGPmsyMfduouD1YqOH4wksTAUnyChZvEFoFR14qNMMvkKDzEa5AuzjmrHh0Q+uo8HiMN0XGa9tesfB/jkB+fS9hwmsk/MDIR3VfYV6OqM98WnMosm99HEyQLlwPTcTB+pqgvBvvEB21wA8I6enkjoaPcii8Vv6QeF6lDhkM/Lv3AlaMQxo8zq03Df1kUIKtYTmWMmfvJ84GCbUoP5hJBGA21DwJPwFOnOghSNQs+TCvVKAgJqgnJWAHFjbxicjm0Hu38ovn/qVOu/DpwWcRJdrb4nObC36tdDuJXmoVn/JWFBV2lb+2/ooIRV7CzSWFk4kSQe4CJwLm+dFpEYSDRDqbpm/hpuHC96adQPyYgC8BgLsPo2Mrv2cbePnXhX5/YQ0pi4ucVfJ/I18IW83IkqWYWjS88tn+q6JDzwPng654aiK2nFje+RB2n+24gHTuZnIKBxHzqLaRmeFM/0oGn6WOKgxi52REfMqQDqslgKkxTlDbBzYId3Ky7lgO6eNEyIiM6/2XQuQKqkJlLgP0fQ6cB71DW9GVzPIX1s7yKb1hRu7XY2g18Sn0FltEXhnSMboTwLiLsJUy8JplBy7I4T5eEs8yDM/WgmMv5lbAdIBi2xBtaAyIhdpMBvpGKeljzozyQk2vwJz800AZffSIY0ykbH5BMjZVQKwTr2SR9QVPxvIvr7vO6TR7GgL9oGodJROYZk6/elDPIibh4wtIZTaLQWZxEo9SDPLQMp3wWINlHMqQO+A7sMRjeOsA0AiuIwA2H92wo6mAKFp5nDF0h7g2Ht7mEyeNyNZbgJHzwHMUOdpSpne8QdEa9kyGJ2s/eIxbEbTfL10OV4BN/ZxQiwouY1i/TLKcTNBxtYi9+PkQxNB4lE0dyNLhiwhMJpTDVLWNJOA6hH4VoaUpeM2Vc44mZPWs1r+btR+c3nF9r5HyRU6uULiljJwWaQ2L599NtMUwMkZErcD3E1c1QcKA7w6fcaGELHuOuTsKN04jzonpTHj8pssKPA4TjmW1BZQOX/hhorwg43sDapZr5sAJFwegQyql1jsMFUdcbNv1Q2CE9NzABq8nEGNI5knVt2JBqeNNdDpcu9WdUMXozSDeO8moDpr6yOCEL89acLXAv5kIBUwmbZsEz2JpZmACVPZo2jJOY0FJAXNW1p+axgCm6kSuHBK3AzgSe0pYrgTcVgGcStgWj94uxkywqfC0IPUTCndu0PGTqizrgnE1zVW/Z6wUf1zvXHN6w9v7o6oC8VbCyo5djqWUMB4uU8fAiRfoSMdQpDuyZi6lR8Kl1SIdIBHWyhYlGtUB83R0AUU8xt1BsXRt6sWQPEPr6AoWAl2Q6kV5pmobl6QbfkGHj5WQNaKDmpNLWlQrCOq27YGOF3WafelVZdaMV3sc4AA8dgk2IhFwofRZwyvXLxoIzcTD9T3Afg1GiQNAVoOBDh8rbsE0h6iCwqsR3TmVh6IcmNLTTbdBfJWwVJ3yFzcyAzuJKjXHUoYEAOP8kGeiYxXpLtuuMGj8ezpyD5x8PenbfTTpUn5DlzSR/+uQ1OW8b34ioppO6BPc0jdUQpojn3ke89ZVfZBDNLZ7ZBGYIWy2oQ56HQdal872xRu3Jm4AGBCHWtQLmuKLrQcP+w+QNySHz/ALuc2SGuSErGGR/KZTxTSIp5xkxuYUqu/z+Hnzc8eyRAaWpZmpUtkwl7B6ZGZUdULEfIXyDNrFrMOfwqnymS1agGcH1/cbK3GmJpKNpg3dwLFyj5bkKFwxPnKcP3PJYjwxLvFICWqDXfy4dHggU4mTy9fqZi7+yghfcRvZLueoe0AePqGl3qZ584UVl4cw0889gle8IcFHbrAm9+QrVitUGeGlUGa9/QWstij23KrBXRTs6RS5rrMqA5HCw7L4bpfpy4AS0U39g2596NWd0VjU5MCPqUUW4ZAzJDrjAHr5zKSkxjWltFF4XDGSQdF9CVembF3fAVFdpp+BxBC5PQ5hL7ng+79+7qtzgUvjXSUTnxGqmDZFeDmHit4MaJgjAn8FaW66NPPQ+/a658dpEf5rF28fgHzFKHimJ7clQtGnGakK84u5nHpPZPKk/6DDKsR8JyIA0wLVz9SksYerpmpd3cmJQdbFyvIm24LbwYn23QAWIfwl9FytH32kP79hHuiybrFbFOEIkdyT52ae5Kl4MXjZiwlBMKmVpRJQfytKfxGrNhwgtIMbJINkDy4cIqaVrR9JTC2hdcD4qB/U3jwRaaKEOfv52IpW7eI9QOO+outBIcfa//8IYitBMeuKeVesA2D8j08JG4lKZTSHqYvcf5m7E5a0tla6MDu4aBYgE5SCPgAXyBEUDe2ml6O0k0L9HT+LuH6szeUzt3M7ippell/26PcNcXAJWKZIKkt0wQRV3lZE464c0+/cN9es/SmexrA1xG2yV2/nNkLJIgAvIP12h926l/SJkxvMHHRvM36iscG6TPLqYIn6r20wWgeaPY9d7MHMHDEre2ocI8NgZXLKsAh+OkBkYwjfTz1MJzmiNlZ3F7PLMjCuVvZCxEc6/edntKQf0g64BFPP2SkNmlx4gvJ4S9SOtSJKxueZLde/D6UZQVlHP3DWRN0lMzUnzIDwOZ0S9aykPEclf89SI0rTAX6tKC2ijeKZBtCnHXjHjh8F8xiOlVO5bYatTnMNnsztKKsYcIhsZbUqFRSFdeq0lNlmQV5Gf+3+/n/QeM0sQ9rz1gaMo2r7UDhtpVRw8ydxScx+9c7mHMLBRuyRmx5UblqwzoWlW3lzSR1qxURa6pBmTQxJ/NtXGriSwFrGX4O0PrU6q5gyE2avly/5oCj88ruusR78/glWbDy99ElZi7Xq9L+AxC1aWRt28S8IaWnLC1T/z5GEpX2d/oQ9zzm8iPd2p8rMJeryGNSN1pRYOhtOjcb6kzypY2OS9fv5LsspGzQInruurDAf9VFLvu6Q8v6dvW0o6icvBdlb9IB+StMVxAuaZXYRlKjZc16ogLJ5eOMy+p8hiAe36LnGJKFPGPPb3eE+DpafzOBFBPzfOdVPgNHDA06DidFROfuirxRUYZ0HmjXs6tVfVS4S9/Epr/MfJWXV5KpzGa7AXnV6hbWlUzz/+bnMPrUQQ7YqGnZwqmRnRSKn0bHxr0WuoJeXat27RrUFUnf//Xqzmuhy/5Vs2nZ6ut6IsiPi78Zn1COxfuEQTbAtWPtKlB4K/7Jyze5RbnFPC34NapkZv2jN/axgBbPI5fLkWa0qFB/kj42mMqMQFRWUGxQCn6ZiQwZ7BQV/2uZd6oO82iWkv7kYVxySUGJYff82aMc6e4/bZh71X/0+mFhSekXkwjKEPwP4/YJaAplbmRzdHJlYW0KZW5kb2JqCjIgMCBvYmoKPDwKL1Byb2NTZXQgWy9QREYgL1RleHQgL0ltYWdlQiAvSW1hZ2VDIC9JbWFnZUldCi9Gb250IDw8Ci9GMSA2IDAgUgovRjIgNyAwIFIKPj4KL1hPYmplY3QgPDwKL0kxIDggMCBSCj4+Cj4+CmVuZG9iagoxMCAwIG9iago8PAovUHJvZHVjZXIgKEZQREYgMS44NikKL0NyZWF0aW9uRGF0ZSAoRDoyMDI0MDkyNjIwNDkyNiswMicwMCcpCj4+CmVuZG9iagoxMSAwIG9iago8PAovVHlwZSAvQ2F0YWxvZwovUGFnZXMgMSAwIFIKPj4KZW5kb2JqCnhyZWYKMCAxMgowMDAwMDAwMDAwIDY1NTM1IGYgCjAwMDAwMDA3MzMgMDAwMDAgbiAKMDAwMDAyMjQ5NSAwMDAwMCBuIAowMDAwMDAwMDA5IDAwMDAwIG4gCjAwMDAwMDAxNDMgMDAwMDAgbiAKMDAwMDAwMDgyMCAwMDAwMCBuIAowMDAwMDAxMjU0IDAwMDAwIG4gCjAwMDAwMDEzNzIgMDAwMDAgbiAKMDAwMDAwMTQ4NSAwMDAwMCBuIAowMDAwMDEyODgzIDAwMDAwIG4gCjAwMDAwMjI2MTkgMDAwMDAgbiAKMDAwMDAyMjcwMyAwMDAwMCBuIAp0cmFpbGVyCjw8Ci9TaXplIDEyCi9Sb290IDExIDAgUgovSW5mbyAxMCAwIFIKPj4Kc3RhcnR4cmVmCjIyNzUzCiUlRU9GCg==');
INSERT INTO `formulario_empleado` (`id_formu`, `nombre`, `apellido`, `DNI`, `telefono`, `direccion`, `edad`, `n_contrato`, `inicio_contrato`, `fin_contrato`, `legajo`, `usr_baja`, `fecha_baja`, `usr_mod`, `fecha_mod`, `id_tipo_contrato`, `id_hora`, `id_depa`, `id_cargo`, `id_huella`, `archivo`) VALUES
(36, 'PRUEBA9', 'PRUEBA9', 10378366, 3517, 'ADFASDF', 45, 'Empleado_maia_fernandez-2.pdf', '2024-10-02', '2024-10-22', '6', NULL, NULL, NULL, NULL, 1, 59, 1, 1, 0, 'JVBERi0xLjQKMyAwIG9iago8PC9UeXBlIC9QYWdlCi9QYXJlbnQgMSAwIFIKL1Jlc291cmNlcyAyIDAgUgovR3JvdXAgPDwvVHlwZSAvR3JvdXAgL1MgL1RyYW5zcGFyZW5jeSAvQ1MgL0RldmljZVJHQj4+Ci9Db250ZW50cyA0IDAgUj4+CmVuZG9iago0IDAgb2JqCjw8L0ZpbHRlciAvRmxhdGVEZWNvZGUgL0xlbmd0aCA1MjA+PgpzdHJlYW0KeJx91c2OmzAQwPH7PsUc20MmHn9gs7d2N1HTQ6SqvAAbnIoqQMqmqtSnr7FJSSAakgNC8OcXExsJX58EGgt/nn5BrtBoEOFDFmUG0qEy4ARhbuDQwHpH8NrBt6fPBay3BJShEFAcYVMMh6QkJAdWWXQWigo+vJaX7h0qf4JNcz75suo+QvFzPH29lUByKqS7WSGQDJAmtApW6WDv4TuES1S4QQ6Zk6hcvMG+a956/wzXLFmBwl0jKs/QmXmErMRc3laasi6vhXRuZgkd8QqjUah4/aezP53qqls4xgzvmDpH37dlW/m/M4xWqDMeIw1meRrz/W7pSAXeMSV0lrYZgwwSPyYmt6h0bBT+5I9d+2BMUoa13HSUITls9xbjMrSWt2R5/G8NQ1L3/nCou3aBGTs8ZgpVwzaTGIda8hItMDMxsKnKaolICR4xNUjPBCpWWEGYZyr9hP3vxvddmJPw0rWXPkzQpScFec9UnD8aER0cRzuFeRYv3rV1eDA8JwVZzk1RCqlXIl8R3bu0VcN8Z10mTAGKlW3dsqixxqOmXESRWAkzQ2mDQvMoGdfiofKl68u+foBJFR4zZUg+CxG+sAJh0+5MFRb2sBRwKpW7oRpnlz+X/aVsfPtonFKKpd20DmUTpql/v/co54blgPXY+BYbGi9l/2MJGRs8ZIqMkP7/C+sf8sSYIQplbmRzdHJlYW0KZW5kb2JqCjEgMCBvYmoKPDwvVHlwZSAvUGFnZXMKL0tpZHMgWzMgMCBSIF0KL0NvdW50IDEKL01lZGlhQm94IFswIDAgNTk1LjI4IDg0MS44OV0KPj4KZW5kb2JqCjUgMCBvYmoKPDwvRmlsdGVyIC9GbGF0ZURlY29kZSAvTGVuZ3RoIDM2ND4+CnN0cmVhbQp4nF1Sy26DMBC88xU+pocITBqCJYRESZA49KHSfgCBJUUqBhly4O+7u3bSqkhY47FndlZrPy+Ppe4X4b+ZsalgEV2vWwPzeDUNiDNceu3JULR9s7gdr81QT56P4mqdFxhK3Y1ekvjveDYvZhWbrB3P8OD5r6YF0+uL2HzmFe6r6zR9wwB6EYGXpqKFDn2e6+mlHkD4LNuWLZ73y7pFze+Nj3UCEfJe2izN2MI81Q2YWl/AS4IgFUlRpB7o9t9ZZBXn7u/VQ4FLgF/qJXGEOD7gEgYhEUoiViETMiZiR8SjJXIiSKKsRO6QyFx9MkVMMW4FpboFaL5qg+UClmXkE7siGWEqEkisi9jVOhHe22QR4ZjuhDljxfyOW8hYGzF+srwinDO/Z88T48OR8jtP4pX1PHJf7Ckt7zwlYedJOZXzpLaV86ScqrA4dt1ztzQOejD3OTdXY3DE/Kp4tjTVXsP94U3jRCr6fwB/DbapCmVuZHN0cmVhbQplbmRvYmoKNiAwIG9iago8PC9UeXBlIC9Gb250Ci9CYXNlRm9udCAvSGVsdmV0aWNhLUJvbGQKL1N1YnR5cGUgL1R5cGUxCi9FbmNvZGluZyAvV2luQW5zaUVuY29kaW5nCi9Ub1VuaWNvZGUgNSAwIFIKPj4KZW5kb2JqCjcgMCBvYmoKPDwvVHlwZSAvRm9udAovQmFzZUZvbnQgL0hlbHZldGljYQovU3VidHlwZSAvVHlwZTEKL0VuY29kaW5nIC9XaW5BbnNpRW5jb2RpbmcKL1RvVW5pY29kZSA1IDAgUgo+PgplbmRvYmoKOCAwIG9iago8PC9UeXBlIC9YT2JqZWN0Ci9TdWJ0eXBlIC9JbWFnZQovV2lkdGggNTQyCi9IZWlnaHQgMTAwCi9Db2xvclNwYWNlIC9EZXZpY2VSR0IKL0JpdHNQZXJDb21wb25lbnQgOAovRmlsdGVyIC9GbGF0ZURlY29kZQovRGVjb2RlUGFybXMgPDwvUHJlZGljdG9yIDE1IC9Db2xvcnMgMyAvQml0c1BlckNvbXBvbmVudCA4IC9Db2x1bW5zIDU0Mj4+Ci9TTWFzayA5IDAgUgovTGVuZ3RoIDExMTQyPj4Kc3RyZWFtCnic7X0J2GRFee5X3f0vswCzIMwAYyQCWYxi3GIuVyWgT6JXfYxcgxJR2ZcBNUF5BDFeFESUUQwMLuybQBCIxgB5Eu+9T5bn3htjnsSYKBgTBAFhmPmHmX/pv/s//d2qs9Z+6pw+3X26p97p+fssX1V9Ved0vef7vqo6BBHBw2OcQbY+pD2O299skZTOpqf44y7yLuVaEpqES+dfSVYVlu6xb6I1agUGhca5DwME4jFC/zMibQBe+5ZRKOUEcs8OqiEgCXfC/yQ604Am4u9uGKFuFuz/rW9bzu55+1sHUailBxwhqFYD7X8rzH/Qqnrss5hAammcE/ZxhBglkP6iHow3t9eFY8h9z0I34RK9JYnQo2K72NYJNSIYO6lIMgPimAhRL1kHvjF12VXpNip28Tzk4YiJopbmOX+GkDIKAkjsghHhIHemJk9t5K5nOOsk0hRjjiFpVZCZMpExwwimgSesG5XCEVxIRU1SFbuYPEtDvqAmB1o9809z47Oy/Arq8OvwGEdMCLVQUtEddmUXGN1PiHz952ZS4YhFYReAHrlvDjYBHrN++GqXIBUpbbXmy1j0gFpiGNXDDS3UhagcI0MeHhIao1agAjTPybq5zJeEwhcHBIFwMD4yCi8KufMZbg9jZTH+H2/Eu5jViK/TM0DunxuGrhz64ZVqM6kbHHteKlauj/Y9u8e4YOyppXn2t+jzO3+EsAf7pGvG7IsDO0KUw0NmF3Ln04nmyMwo5DYwMqwwYxfUiUUbMFR2qZAS6skuA7oNJAeUtFsiEw+POmO8HWIhr3BOJA6Et1tI9iXLZGfZgaF5J8gdTwsaCM6uZCOqF9vW+sR4McYu+M6Be8YqJ4OqQi/ShavcyemY1Rh1/ZZx1Ty8neRRDmNMLc2zufiKhl3iLjk5Cwq7qHEXHA67kNufCr9AJgkDbchRfVks3h00uwzIyCjNLlK0ILpwjtFpOwoxRImIxeCUqTw3H2vxKIdxdYhNnf1NyQ+WhSi4Q0Q4qxEA3mhJjwzy2ZPc9mTkxeIiK6ALpaCgsxCAUc4mu+RPB+UZG6jzqqrM62M02O2A9JMeLKr58A2yCPVpYY+aYyyppXX2NxNLQ6SK6thlQCC3/iwphCMWO7sgcFSkk+d3RbatCvUMikBePLxQp1mhU2jQ00RGxSseHu4gY7fQS4vZKxmih3VBgihHUs9YdkYWAHnoWAO3/05/msrIeCWdzklIpm2qmLTBCwMY5AlfLzyhSrfY0Hiln6CL+jRtX8LEfYETS+dbQti09ozj/MrSTKC1NgpVrX8dPPYpjBm1tM7603iLSNbIINilyrn65JYnhPkrMU9Y2ILbsLNLfDbLvMK5+kO2VwY6V9/Dw2NoGCeHWOusB7g9iSlUz5gE1TMmC4DsGasM5ObH4yLSzGMfV14cBTlhk7x2vksVqK0fzMPDo+YYG2ppCrwih1U07KLpaCV20QhAyi7VddPkpsc5dczsggZ24YVByy4yFZH7d/WvtucVDw+P0hgPapk664FEUa7L17MLas+maUQvmJldtCeLg9z4WJazybzQ0AYnhmaxzJmpRP77g+cVDw+PfjAG1DJ15v3iATu7gCu76AeMAc8u5PzvFFaXQ2ivEOPQL1DYArTsohg60oZxgFlJjJBXPKV5eEwG6j5lkueVqLtPul6eRzCNbCcyyDnJMIuKJ2lIdDTqguMAv242ZdAurTm58aes3yeEY7hoeiO3wc5GPixlI5PnU4FBnsQVicXKj0Ee386d/OUctAHfVs3oOJobvql8VmyCEXcZ8R19ZPXtOXxr4eTlUo0jyHfn4Gfc/gzgW0ZZcabPAuCxBXSQ7hZYBfjbdbl25IE5bqfAnVzrEWKyvUIkT5VtVJg8bEw3KixbgV89S0gj6Da7S8s3vru44kCu/89MYcKXIo3+UsaM6eWVMWOqPC/WQzzxBSXUrgOvlBgkRu7bLVifhOA715VWQMyNQLOF71jrlPD+3QZDORMJdTvALbfn43XkkgOO71BQWqPBl5hkWxKSDuSBPdAr/BxTycsg5GrqRHILIjSP7+x2K4824/45IuwGKHAfyvLKedPdktxpJZHfLFXcyfWllqkz76F/5KPO7KIRsLOLlJw0Wt3FqeX5xVvfX1RzcsNjmUkhqi2OG3ZjF3lssWEEs5An4LsOLKo2jCG1kP+JMDcX26ipKRtulBiBTR5qw8Iin0m4gdBo2FfQYa/PyWzHJLkgwR9ktqxdvTBDxZCmf/67NdWfL8LSkqJGVhz5xk75J1MYXG58rctmUhTkfwHs3BltxhcdINsATp20czxyIx6tyypt5ByGEi4cNJv4Dl13H+UmpTLch5qm09YlKZTPhF1EYnpboCMQWi1zLbg7GQ1tC/KtpcmqntQydeZ9yaZy4xJphHDl7MK+EmrZu3jrBwppTr72H7yeOeyiTEnRyStGSS67YA9PPKiQ2lAPXoGi1PInO8Ivfe+Av1fAdCP37YSgp8kqdDmasiL37kh6BOJkDURXKnny0D4BkHuf44b/8QmZw9NSqaQ1NJrQVJazrkiVbzZYW6UHC2UY36LGJrUljaoABv42FBTtScVlrQGQr3/6uzPlFt0G0s2T7PLC8W0G2QW1lsvJTFNK28DUzuXC/Lpo2j+rAhS/k1dN4dvWSefrGMbneAU0rYhZmF0jwNlxRBVA5UjYkHYBd5Cv/kQOuWsC75B1HFngXRXLMspSZfKmUuinB8uFQ0Q14ZVCIHc/Cz1knwDjDfHDBByzuudZ6Ab6rGhHYMiKHQwEsfwPFUslg55eQyajaBIdNFeKaw2NJvazrp9U+aitymUY2JrUdo3SKsSZuBaUtoAQNlAvR05Wcm7iJdPdh+mueptxFzSvwZPt9grjFe0t2nf7Z3dyUOpOXuioV7N2YfzpM+4llPDk/l40TcLwOEfeKHNNsgoyyTpmIsoKSUKalgUI9hpB111z8pWfhF/8iyAzbcUNyN4gmQprxJJRAPx7J+U1ktVS6M9mxV3tcSSVGA5efvL1n+NJm3JlipZM7nqWUXgVYKXPzAru77x66StVPOYxLiBff6a/B/UES8s0KzzpYLbdd3NF74ctllvQX6EDuMLV3sn8bVkvq2X6jG8kHa50Rn9jWW0XSUY1TaSsFAHEZnfJrnCW/Mv/LpsXqDVZRNtFsEXM8ryho9ousjCGDncnjDGvADg+ppE7nrLkwc46Pu7xCALXVC4f6Xo5Verpcq1Rr48DyF1Ps467skKppfjz6prLLbf4Tnt69A0ufpjyld7J/G+tRtRC7RVuD4mdXZL+1Mgu3C6JxSTykAsQ2QUbve7a3Y/n600TXvdjIU8+8xx2EalIKyYpLLOL6najtvOii9o15JViw8NYj+PyQXLrk9oMyG0Rr7jlk6V60rlo1w/Ls2C9yL1zQmVcUgUVq13+EwhNakO36qI7QZGbp4rcHC/QkK8O7Sio8hVni+mdXBdqEXklQn/sopBHAXYhpLnSaXbbK9OrcjUP7RWQSYUnAMc4ChjYRRukUQ27VGylC/PP56pdQ14pjDQmkfPp0cYhNz8hpWZ8EyTxFZdPlOqWn4VJcovuKR+rMKWKlP9clKE6zM+LreGgT0+rmEU3vTC+79CCdVc+vTCTPLCrlnOBTEXkXcpKrl1qlNhLjCqSf3XsJfYE4T4vIlV7Bd1u/oJ3ctAj/8yapBaxlunT7+VGdQkBBML+8bJSWCUOMOjjLlzQJULiazMKQDS+CprNYLnVmd9/90/tmpPrHs04i4+IQPJGyPivNo4C4suJ+VRSuEUJ0qRxl+goL7xnNzRynhgmgVegsLuc3PhTPO0X4u2bHi85UCoIyqRyQvp461oEX6PcVFSSTePtGyyf7Y/A7GyfmTjJFbzEBeDcyG655enJVs2wyrgMtEPE019U2UWsIh89/uGncPQv1IJaRIyeXRoYtLpLraDz47+5zaIo+4FF3KDt97OR7SZ2SUWs7CJWU1cKdzZYgYU9dmO0trxSeLJkcW4gNzzGfpx37SjXZ8UrLLjoQ7c7HcZDlOZnZjRjyrX53/40nrw57INsYkKSm5/AU7bIpZsUDDv0eD6vkIuhOCnPXg/PejHboDWyt4N093Kn8MxfzNUzVuqGx2yneQVWVmB5OVasxfVpGh0UX4I2Z1V/blZDMT0j2O832rBis2iuUdJ0hotIjLeMVJ3wIhZoW3oP79oF++0HF18M27a53snf2D16apk5/U/CjjSdvQE6doGo7TTkAUlDEMINdhfJA5C/MzirQSPQazRanaVWdz5oTlvUJtc8Gn5hvGoMQLamS2SOpNQR7yaqAS/PCcsbqTxkwnFqopQSCjebsHsndDuWq15bXimDcvTwtZ+4d9wyXEwW+tM9+whdueGEJzsBRPH8HqquWktx8kYe8IzDZcXMWumZIK8sd/6wwaFGpoJYz4toa21r5nJHz5oIClyUgsWp92N0jVi50W+528Vzj1IFFA31UHjLJpyh08HzfjnbPf+BrCzIu5Pndo2YWiivRBtxL4smdgmPICEmdgHVfJHoR7VONAJIGo0gmFmaI0EPzW4lcu2PYq0TxUS7RLVaIo3EccPascX5LjWDbUQtlXYb9uyyP03UFmVeAlaGWlLOLtVN5Hb6Tz2Fn3q99gz9eTMzl9J/rnrF6kXIV36CZ7+4vO+oRMKcJOHP8PrHlMMET3fzg8Wl5LS2lsLjU2cczoKg2p9C1CcWqnWOJiT/drIVFz4kMm3D1VPOymjAkaHJV/7dRSxDEBtuFhFb29I7+bpH87zuZJTUMnP6PaKravDsAplhKHvGEoGp5T2t7gI2jF0AueaRxPxQZplIBCCEUjgxEGel5LCLmbpQ1GHuWRbDp3fnxcdqNZ8okwUgHdZZBOUfPONxgBb00MQrcdlbf4ls/7HVZIp6vUJKYqwbJa1ycaASzZiTBMn2R7WPONFxPPfI3BLyW3spZ/IWnnNEMnQz9R+wnwxuDUt3rjWbr2YhBpZNL/95LrDIpP1ZeCm3P5oU7NRQDEWvoN2eo1js5GRw7lHsTgaL/Y8jo5aQV0Dq/WOnT9btlmcXcBBQ2IVMdeapyUJtF5Pa5Es/Et1rOnaBZHUjOZSiyIPZFhHMLDu7UIulCTufZlGW8XSFlXxv8QAj6jrkPZvi+b9sOx3JbD2SXPMjWyHWszb0gpK8WaIZ7UmiX4cpat1jdcxvqzyt8IJfycmB9YBHkj/+Yfh8HTZNt4sffolL/sWuAs0/tw0R8+0kpSOM1Zhq4NlHmRIxFL2CK3ms/JGX2AUYOstCWEvBaKhl5rR7uHaU2EXq7vXsYkoeHrDO1QcjuzSD9szinK7ERLcv/VucSDIXLBuqg0s+m8cudsOI0VgD5p6xu8ImkFegnNVSA9RN7eqtFsi1DsmXfogfsnJDRa2EHzSUUt1VwPOPotXJkTnvl3JleHFhbznIaa6idamk7pSfzK4dGD61zJ52d1wtMz2kj/7cWZDCJCR5y4qaPDxQmF0aQWd2fgfBIJV8/u7z+RTki/+arAWpBEJM7AJatuDEcuModnZh+RPYvQN2P6eOc4tQZ1KBfngFxnZpk7qpXX2spQoMuohq83fJrb8So/4HP/yrFeRcRd3xoy9nKpkxVGqZPY0F7bMeX+YP0ZElrZGlxEXEhaVV8sj8UnoBDs1geWbhuZBX9CBf+FdN4B10bGEzWVR5rRvN7BDj2YWZ+YSRyvPPRTqqak8yr0D9Hv8dUTe1B2K19I1BF1FV/tGyYA654R+8hGz7QX+FGUoZidWSl8/wZuPPnnaXuL4apn+EIyHiZ3hZcxS2USUTkARAoiPhfBTWaTSC5dmFHQ3zFCryxR9IqVhOmKwAlmVsWN1LEBPl9alEeX3mIfc8v4N9ALSusAnnFchfOQMv+LVwvn3+AhVMsoKVM6pRe1CfcvoMrgp9tlKfqKQKQYAXvsy9Dfu/zcjnv19BW9mF3aeLWfMZErXMnnpX+B0rnXSE/bML9sMulJua3SXmB1N4JfWGkW3/InbxIDR9n+xiTGUVi+pDjZXdO0JbRzTuwuFhk88rAPHPwPQJf1F44dHxtiqcHMSPhr2DJavcT6EfZDQxW58P5lVK0LzYx6ZPwVS5LZ/XecVtbr+49lL6RD/XOlGM3V0F25BVXNNKBRQgV/5TscuhtpWtbYvQtrWVhh/Gx2QESdp38gOOM4FEBvM8Y2zEmNkzFidXPWNIms2VpVULO9gS9IYhYeSqH+gCKqlnTJ2YwoslmmjEzHGUzOVlcruxNw7Anufg+Z1M7TGcxVINr4Cry5j+/skV/2g8e9Er4q2hjDcj1/4gpyA0zGNPMb8X1u5XpU4lKt6n0bCwMPAiEoSXPu0eSDWXm14gaq9c/MrsSJHcIkJiiuWNOXRF0baqom3JVf9sr/UwqGX21K+L/DEEdgFhjJnCLkhalFdmF6i90qUco1WbXPH98AXKRBdH0bIL6OiBFw5Pkbw4isQu0uQYxis72YfI9grDUzNQb5OlMl6B/NkV2dZFryCX/4NG4uOvcs4N2AMdIZaIHfnMP+LFrzCdjbFn2dqbIFWJXP49m8TlbyCXfTd7P2n/sFW8nHMfjQRJn/QvebWbVlH3Z27tz/4Tfuzl9jzilkx+Z+z3efn38OMhJeTX2lR02CFd8irhWPHoRURy5CN/CevX684XubLxjE7nJJQS+r+Tl+0jmAc/ryXkFcj4A5Kn74RdIHX0GNZ6iZ/8owCDKeyfLBSDeoG4hGgtmB5ptFaWZlh8Rcsr5Pm7zyNX/5DRLib5EIwjHNkGxy6pmpJYzGZpoB5EedSnyjZ4sbAsaqbs3ck+2juDJrr2N/cVXoFiD1+sy77075MpDuEt+Ampd8hbvOQTryaf/q79OZN2+pauk1GCSxdk1YTqkGgC1Tz0lniGdWirksqkOdDrZW/tXo986fv4IaNjLWki9fjf4yde41DrIm3r3IbhPRA+M4ZNhFe9STj7qe/GLy0uU7q7Szbqjqx38me/hx97pfGsw5082FjLqphXIqD4nalmCL0IuutCL2rlpHX4FQFGBpRX2iGvrGjtlUYnXMepk8xHRb5cZSP1YyKvfHpWSqXIgy6VKp/S0t5d7AMN/RPHo6v2//N9hlegcPQSP/kaSif0Jx3+fVWZ3HLeqMEWFWcEpgM7HiTRFNMnHm6UrwnrmHLFrK3hWvEyLV+Jl8ehlN1t8mmNMUoPstbuaVsb47FE9szzXp0iX2W3NkzuAWZnkEv/n3qr4B+xm7PwpSwoz26e3Dt5OWA8p0NSC2sOK8EArZZVp94JCQWnlZIDIYLjKzmiuM44Gck5ppqB0krJkgBpdNszi88RxisaWiW9IJiaIdvC8dqortoCgtuKD6WkG7FNgsLYYtWTFm2A20owoeKMVObnVJ1jdMiat+8cxCtOK0H1vAJVj091yY3+omwPY/HjAvmj/5NMgSLZw0FuVIxe80+91lUTxpS/QT75f10kczCIhV7siq1Zgxe+NL+UQB4DKpUSygRya6fPYZZUYK1CeCFYFWxOJlZHvPS1+bklyPTkM4kOHnEEnnxgLPa5f7GuCqNDiStIi2hYikh8JqnO1NyPKMrtTobuwKhl1Sl3pv2vhl105CGwiySfoE92aQTLM4u72Hgwbdwesddq7X31G6HTDgtTpsobJ8ZrF8xPHFkWduElTexChRtNWNoLC7t1lQ0RwKrDl5ozAfbqGNUfCK9A1YF3h9zw068ll/xdjlDk6JUeFQs5OdzrVUkLVL7QSy727KHNiJcdY5di/btTa4uTGtQjWuRWoVAd84SNFSHhrfLII+SSRwoUV7B0XZIVNiDIjqjn7nFFxJ1bL/dOxiuOGQi1MF6BzKddhl3sc/Wt9KM7wnabQWea8gquGFgXsdlcPOJl0F2WDpdnFzDbIi6jAKKNJuWVeZjfaXyNR0CmNy+31q/sW7wCo7BaIAqB5rqRyyiGn/mvxTShSS47hlz8tyXKEjCiKZNU86zKxoIKvLqmGHKr0G7D9IxdJKtCbm5GgUqiZYUzwc+8jlz0N3n2hybi4JY5a5OKYy2rTrmDfjINuLCKphK6sArRHJN3iHxAsy+9/JjaKyGvBPo7NbQM2ocdGazZj93NfIRD2ICY15ArUSOWhUpc4yjIZc6LUTuU8srenewpQxe3hx6Z2bw8c3BnQD/APjFAXoGqZ9W55YZXvD4nXlLyg0U1ifWhP2PHIspVvFxb9alSVrvXDaCpHQJatOirjs+PKPR65GN/7dSG1Smv4eNS7YxXDKZtk+KqpBZyyjd0Nci+iHLUzC4oHpN3SNbF6wUgC+mTRm9lemmXcR0X7GGjuXToEd31B2a/cA27pCrxZACKGJ8ccthFTiWeJaEfbG8080bHK0hmNi1PH9zR1L4GGCyvAOTPLxtMbvjZ17lMbSv0YXmWrlfPbfpkuYqXayvHj8tl+ezrq27q1zvWGq90u9AuuVVYhRKXY1htmzVvtdQyC21ebWWzALtku3Z2sQqE7EII45W5hoG6WdyF8sqWF3fXHyQaJWkeYr/Pb6gmiLohGToSu2hSQeIQI7C0h9krPV1ML2zLmc3t6c37Kq/AaKyWCHjlG+IlZPKGEtk+UdogYLn1US/83LFO69mYYK+CDkzh6h5vc1FBaycJs6Z2U8yppg65xfn0qb96q6R1KX4R5Qr2o5tOvcqoZfUHbieAYhdYnl0Mw5HlnRx2IQ3KHLOLuxor+jfbkGCF2iuLhx2xsv5gnVFi6PfTDcnIUOWNqaIN1TCKNsJAS3tvGF8JDLwCM5vaM5s6LMi2b/IKxUpyWweofHrJq/ScEZhy62lzw6uOg25oLhgTmj6JPE3b7bF8ZE3Qogl+/rdU3Vkmsbyr/hl62lRJQmNzmZQs0gjOCCuIiaru5aYdH9sVms5yraXQRTfIvzGslywrsfTdEumv3ipR49B69QrcuprkfekWpv2POUm9aqiF8kqoI4Abu2gEKmeXkFeml3aSQPuueMJ4pdlcOuzIlQ2bErNRMkpy2UVxYckmi4WTeH3FVA0C7QVY2BVO/1YuELL4yvSBndnNHRa332d5hbbEF49PntYD5dODbs6b8uTcvnB88iCmZEWfdr+g+VXj1cfjtuO4JzhVDe0neYLedhzNQafJcRZNrPprW8Oof4xgxdiGlgfeJx4vWOsimesreBwstwu2diK80pVbwHKttwmSePUb828MerPlXTJ2gR55pOTdouovoeCtq7Rt33fyfe+U8iRo9sQ5YvUHbhNMEdbdSV05UTalSDxRBLPRY9mukKuwg5IAaZLeygy1V4Jl3fwVQlY62GwtbTmyu3FzyLqJ04nwZSWjufiXo2SFE72wKi+lsmdOte1QXpnLVJIQQGvjyuyh7UbT+B6/EWJovJKCnP+wpqHo7X7tm8vk9sG/UA/iH/92TqrTH4DVqwsUs7yMX327LcOz/wymp8tootMfrvkc4ncKp8prQ3LeQ3kvSDeD9jvX/E65pPorbinK0GiF7pzcG8OklVo62fogG/bpjNyLbtEQnnwS7zvVvSxyzrdhaspdHvbswVvepc+qT2oJeSXLjf/WzXdSOlkbwaiDxYwCiVh4pBHaK4u7moxXiCoW+cGovRLySiBmr1KFhWB0bJTqZeeV6I+UFaULyiuLc2CaebNCWhu7s4e12TICnlcSkDMfhGnut7rQwZvfVj63rXwfgXhtgR6QnPdwcvmln1U8MB23l8utQFpRf8Br3TqmUqnihAVRqBGM5Z78TThgRtfayZEA8cs5jxfknIegyf3QnpnHe08wCvNNRBnoOjlzctaDMMXdh8sreP1/s5Vuv1sK3nuyhsWTF9DN4W7si1pEXuEKThUwsYvIDVWyC7NXgumliFf08+3D8WAv7m7YHM79CXtou2FhtDBEYXnDhV04W4fySncx5BWDvUJ5ZQPllWXSQs8r9Qd5xw2wYwc89hg++dVR6zL5IG/eTv/iQ1tHrUhJkEPPghe9iG7g3100al1kkPfcCY8/Docfjne8u0Cq0tSy5v23Imd88Hny33nsEm/J7KJ4xgBMzjE+f0KpYnppzsQrUfRiafPh3Y2HJLyi0gZk/X6WvYFm7Oxi8qSlG+lug0B3CZaeD+0VM68cskymlFBNDeB5xcPDg0dJVynlFYBoWqLazwmReV2gWQq864aNKVF9TsYkQAgye8UQX4mC5GR5w+buhk1spkgvWS40GwcshfH5ggzjhqX4fLaBBcaYUS5ZWWa8oh0PBhyvTHte8fDwGAOUoZaIVyIY2CWBkV2ys+lWv+xCoNldavS6xnU4COls3Nw5aEs4qgF1bCEShjQYTJXPClfZJd12GGNGFY54RWPhxbwyc0ib8Yr3g3l4eIwDiq0htub9tySbnEMKo4nvfLeIAgswxw+iViATRBCWGsOYkoicIZE4JRFAaLY6e8xkSTrrD2q/4IWhbPqWITSv7pWUZFk7EpTFKCX5+K918UoIqSXoGsaDhfbKoW3S8nF7Dw+PsUHpeS2CIaKzXVDaVGwXVAQNtgvKcoTfTb4715+gr05oLnTWH9x+wRbWPSNno0Rfqi2CkkPMYLtkkmbPWOo9491o/Fn659xf1M+LTOL2jSmbZTgqTDyvkK0PjVoFD49xRQFqWfO+m8UDw2IX4Lp1xRUVfS/fcOK637tao3TEK+uovXJYkoHS75vYxeLp4snJthKMLnNeniB+6Fd0arN5kVMbO6sOazdaPT9/ZfiIeIX+9QTj4VECrtSyNuIVeTjZoNglV4Bzt/WWbzyRbTXkWUgEe7TrDu2VFwrKo7nfB+c4imyUmE0WM7vgB3+V6fmZ/y3XuBfOX9nSJk2s4VL5+wiveHh4lIZTrGUtb6+g9JYxHETchQiL4msEIHk7/NKN79HqTNjYYlxevzn0g3F9uvCGxzAr7VtS0hgJGuIo8Zc2SMOJpcJS5r0e/uGvafRO7JXZLcssM88rQ8fQeIUvCLeXWTvAw6O2yKeWte+7KZ2OYXD4q+xiFpB4RzrKnRWL0wgA4xX9FJ6QV3oJrxBhXiRKb3iE8uwiJ1fkQaSiNHNqTV2g4xVgwSBqr8wc6nllNFB5xXf6Hh4lkOMQC3kF0iAHiTtJ9R0AQhSEICo0xB1hNgvqPGPIfWNou0hxF0GgzfHKAe++hiudjS0OeeWF4ftBA8Vtxb9gIHVeobLBpUJxAzD7K6SS5FNhrhT6dcFL9M3NxoOx9cGIXx9sFBgmr9hNFh/j8Rh32Khl7ck3iwdEMtBM4+fZRZHnBfRxF1lADKsIJ9oGPxjEfrBN7QO3sN34rdG6xYn53azrB07esqSxqKQapzGOMUPJD5YFWnrROONlvz7YSDAqXrGc9QTjMb4wOsTWnnwj+xLeUQ9pkCPpS1EZNZt5rHRxF05AH3eRBeQSQ7RvMvEKk1peR3nlMJaYvcYczDNXDNNNUnltKCVLLgprSwEiedLwgpfpNe+Rxmwws4nyip8XWT2kDlprJUhHhuYH8w43j4mEnlpiXmHAurGLkVdCR1tn/4PbGw8LrZCVrE8vxy6mUIpQayu7QGKyhML4kZfqFae8sipYtaXdmPG8MgIM2TJwNFkieOLxGFNoHGL7nXy97IPShe8zGesCl32tBJMljT1j7ZtOMpdEOvu/oL0hWXdSdEMpLi9FeXUyo+DpUsUsA5c17yfGj2jsFeYNC5i9Mkt5ZXXP88ogUII5huYKkwryvOIxMZCpZb+Tb4DYi8RD6pHjHTO7CLt9zXfJNlHzaqQQ6068mv7trD2wve6QLN4OcpAj21D6fWUjLTXv/cQu7EJ55cKj9aovNxqrmb3SWh14XhkEcnmlhiEWD48JgOAQC3klhTK5RPCMoTwiuc/5LszqiCMSWoGlm3/fVAdE0l27vr1+c2xe8GokQQ55gx9bDNIGZExnd4ilQRcAY9ylAXjhy7Vqk4/+bXNLZ+agTnNtgIEfZ1w9asUrKviy/KBnjwlDZrXs997rOSdPBNV2QWE3RDW2S7ynlBjCwitHHf3W7ur17XWb5HW6clf3knS2mSyWoWKqG03YMPEKxdQRS7ObOi3PK8NF2mUPuTe3OLu8veIxeYiphfFKDLn3V6Y/DptdLLxC8dTRv9vecAiSVpzenV0sni4p3CIFabTDlwFkdukBfuzXTWqvueOhmYM7jVm/jsugULS/rpWVUCtlPDxKQDdCTHJcyZ4xVRqsY8aKeMaAc2GFWLr5vRbtN77ryvaml4YvaMEkG2mAlnnde4unK1VK60ZLxawDzPBiI6/s/61vN9dSKfP6BqPDPsIrJQyFftZlGbTJkmbiOcmjJmDUsva9Xwv7RW7ArDLgWGAXw4DjZDSuCpVdbAKQZL9o5RWK+Y1HBlPTKQkI7AKGfl/gCcwU1w4sNgVpwM4uPbzoVXbNqbloGxc3IkwGr1hg6nm1fb2FAKLd/vtxLa/QbN3zVxXz7OJRB7T2f+/XIqcYCv175NgR4vYR/WSmCYBincSHMD4LQoaQ7ZJIQpc82cPFW07O1b6zel2YsJdwCacmJjZBRADxBmRiGcWlRYvywOfJbUDSMim7iKXgxTZeoSZLbr1GgonhlaImiyn6EnXT/VsVjsWlZ/nZ+JGwyWDyQRqP2qIFUwBdtkVkdoF+zJc4qGH2fcUMZJhu6cIr5A/+yvqSR24YWMYEIFst6vKR/Y0xw4+/MlfzGmKf5RXHVKVRNGeteSQdUfnGw6NuaEAn82GRbNRtCnW+pCGILQqQbFON23PBf910Sxde4UpX4vNcwF0esiWIKbuFRgGkpXBVwEvy/GC1xMTwih1aT5HdLqm8+841WRzzMSnmvWEeNUFD7Fu1kNnFOmZMEdOwiygjJ3/CokqW8MP36+iB25DYQmUXTSpezIFdUpaM1jN24JXaesMmAyVcYaXJo0QgpPRxRzHPKx71QRJngaz/1y9ILByzj0jO8rLaLpDJcIvwL95ysZPisJ/AFprp9wpbSOyi5ySQK2thF45j8BOvdlO7dpgYk6XPQV9DgN2R1ScxeF7xqBXSKZMjZxe2sXjL+1yU5lIr002Eft9uu5gsnkRMmoOpyse7iJ98javaNcPE8IoKl+WNi+YQHaF/S5ssg3C+Rfr40ItHrcDPa0Eupm1YkBilMWPifBfDjJYsqg/GKS+Lt76/oOaW9Yz5UcLWDTU4z0f1+bkv5hHM+D9+o6DmtcCEkYo23D2IUkobBwPq/aURZeDNF496QFqeUmCK6m0Xg8BCYV6RlNHaLmaHGHBz7MFsu2iiL7KY55V6ov/uNTVQpOPlwiGleSW3It5Y8agn1EX1BfKwvQgy2e2TXUryipE20vy14RNuA2JvVrKn29AGaZINvPS1ZTQfNSaPV+ozdLgcXCZy2iXdBTw8hoMW75XKwB3TeMbkFPaVYLIE6sImC7d+oLjOSZ4aTxdks0zAMG0l83GBxo0mrARjShX+v/Q3y2o+Skwer6hw6X/tnFGt8yo3tz4HIveTxMNjQEhWdVQnNtrYxWEqJcgCYtyF9eZ98Iqkhm41MOCiO3p2MQRp5DVdFOrqAV7meaUuqPz1Wf3zin3ao5S/tji+FtK4slx5D486oJX0pREviOuyxIumRH/ifjoTQBD5Q1wJRicQFRGxS7+8gpjyVGygpMXxDjdh1RbgxLg1xIRU3JougnAqRnnlv/SlucdIkQZRctdZsSTvB7nz7U1TOyvUwcNj0AhjLRlj6MIkttCLZq6+7DtTBOj/VSU0ldGzBUWy0lDYEMTsowD04Znx5RVvskiQhF2GFPczTdKUg1Supw2PyUAy+Dh7X2IFzjE5B1kAnrvtlD71xmveQs572Oa/0r9B0jC2WIrTpGKiJw0vO6ZPtWn/PpIJ+RPJKyWg0knptOVKN3GhZxSPCQM3r4V7G68ImV00AiJ5KOF6QWC+b14RVSvLLnIARhUTqAgvf11lag8Xk8orlUdZLKhqNLOHxz6CaA2xbMZGMi1QguAZM8534eL4mjFn4dn5207tX2lFNZ0XK/42bNgdYplYKtyrWO1hYVJ5pQQcO/cSjrKqivbwmBiwN6cccNKX013IaEE1Ugh/WJmrLwtwC7hECcj8HRXzCvOJZUWRbCP7G50l+g1BTJHPRpoRvLJKk2VoPrGJ5xXL2xVHNYzKUu4wzSwPj9EifimXwC6CVSLxR0l2mb/9tIoUVsobKLtQ5a98wyDUHjS7TDypuKCfVw4PolxPLR77DlrKERZ74IIuuqh+Av06Y4q8OuO/SuS8n9gQR0lV1U9hicUGxCuDhueVCKPqu13K9bziMdmIrRaQDBeAHNuFO6C3XbJjvb23n1mFqkawh8HMFoFEf85+spss6YZou+Dnjh2o2gMyXDyv1BmE/DVAB/GNo1bEw2OwyKgFdOwCfPBeTGhllyz53ttPr0pXCzTsItBGYXbBzx87cKUHwC6eV4aJEpevsYbdZb2F7HflL5nHREKgFijKLtwxDbuswN67h8ErcXlF2UU1dKKD1Fz7/G8NQ+MQ1bKL76cGhOGMvPCXz2NiIFMLCOwCxQkm3tl7xxmV6ukEcu6D0GjEQRTJHAE3gqG8ctVxw9QZKuq2fK9ULUb+qml/QT3GGhpqgT7YJaKWkfBKrMp5D6YcYmSX6JTOM4bbhs0rEfrsyHw3VAlGTida+IvrMY7QU0sEs3PMGLefAth5x2CD9i4ICSYcmObCLuFf/MLxI1BURLmuzXc9faJ/RqnkEtjV8FfZY7xgo5YIB5x0XfbGMCO7EAhgz92jJxUeZOvDieIGdmmEpPLFeg3Xce/pfHdTGiXoZCStnerpr7XHeCGfWlIc8J6vJAslA08te+48q3q9KgU5/y+Y0kz5lFoQOg388ptGq5gdpu7P9zKl4Wnbw2M4KEAtHh7jC+9u8vAYJv4/OMrOsAplbmRzdHJlYW0KZW5kb2JqCjkgMCBvYmoKPDwvVHlwZSAvWE9iamVjdAovU3VidHlwZSAvSW1hZ2UKL1dpZHRoIDU0MgovSGVpZ2h0IDEwMAovQ29sb3JTcGFjZSAvRGV2aWNlR3JheQovQml0c1BlckNvbXBvbmVudCA4Ci9GaWx0ZXIgL0ZsYXRlRGVjb2RlCi9EZWNvZGVQYXJtcyA8PC9QcmVkaWN0b3IgMTUgL0NvbG9ycyAxIC9CaXRzUGVyQ29tcG9uZW50IDggL0NvbHVtbnMgNTQyPj4KL0xlbmd0aCA5MzY5Pj4Kc3RyZWFtCnic7V0HXBRXE58r3FEs2AFBRVE0NqKCNYpdiQWVgKIC1qhRUYO9F2I09gYRUMAexYYlGruo0URBUewICgoovZe7+3bvbuvt3u4eJJ8l/x8/dnfevC23s+/Nm5k3TwRfEBou9ZSCImBNkvqo1dnlOzXkfaG/Ipua+y6tUR9X+cMJIDdq35FivKbpH/X7PsIOjCL7AhRd2H2qhHZ+kedegJK4s9uTtYTmR5ugm6RvH/xDT/RPQ1phJ6piJBeDqrSooMiA2ibGxnIAVVFhYakBl64kNxaBqqSY49JtD9tmZYrNp3Zspz7sZdV1bwG6M6zDLXRTqU+twGx0p2lzxXuRqE//IZPfY1VXdIJfXDFpcO9ckqUS9x8Q4ptPvUD1BcqcQkmj+ROHXtMQfJvkFiJSk1dH+EN9HKgg8bCu1+tbK2tkJ+fZ7auxzxWCKksatupn37w6svc25sG5p++EXbpe487OdjbITvqrvy7GJtC/aAIWgbb355yH/suecZ1SmtJBJhs9cVjO91phtemfL+vd5CFWLor2KjMdMWmcYhrtarL8GecqOcx2OtY6SUvZGqYSSbIEPtLHgwoRj4auY1pod6u0a/dD8caIvwXUbuM2qZp218rKZd5fwecT+Ff+ynm6vXa3Ro12k3N2RUSxsXZo984zDuDsWc6TikqRt7vwQciY3dc1hBFfbaozYo4XXp6LSNjC+K0+QbTnFJfGp8CLG1eaTFqkpTzllMWPGhUgHmJvv68oBPm8WRu3JrNw02E9wc+UQnB0jNm4V8mvsnT0CmsKocoM35Uhrxl5Zd3hUhzPmxKh/45O6NlcIx5VRsKxd/0GV8vEysXov0OjnB3on4FIhvx7d2JWJ5FKQ+iDbEXxrCL7sUNc7jPY7Nz1FZ0mm/tbN361HQ8vMaXTHMJCrXhVrhu6y5pOEy051J6RWV4PcthOpO5DSrRigRPTwFizN7DVqWvPj1ZZTK2UlwgNmU93p0iO7Y4MDw8Pm8J23Y8e5RaPlgfGMZE7HXTmU9stogMTeXREcx6VrQ6NZCJ3iPiWiVzyFsyZz2MEVYyQTXVENabQa2jlqfJIqOS/thF4yCjFVRsBS8/RSp6vbTzg5OzZs2f8xMz2CaC8nUuLfS2ZCyz2jL7CWds7wIS5oENE1zSuynUOdGYuqLvP+4QutfjKlF4d/kR2TEtpo6NU6G+WBdAdijHxUPdt4zpArOZmeoCzM7KtNX6Htlyteg9yLIylX0SFjoUbekpPY4RD+7ke46NGOcWDVToQpSJ41J8ctftuYZEOAPuI3hwD5NoHurIVVd2WcF+XevNJ070LD4ncffMHUk995239zasT+s9XXtUSVEZVJbW9JlUJjkGP5G7y/XuQbU8/H614qEwtlNYjPOW/PgQqVFJL02q9ZjR6fQCj2FkqxeLsPP2P8vGifJ1Ly/2t2AsbrZaxF6JwDK/CXthluURv5ToHu7MXWm+00CUmT8psFBQTG9SxqmY4KgPt/cWFgNe56N2W8T9rjiWSuvf+vjC/2iE/dTPTemzqht8RrCz4arC63Ejq9OftM35WB+YVU68gElfZdv9moEOyj7bpk8PMW7dv3bw1QO+jfMQol3g4HGRtO1B0W6C3ttPJ2vqKZ/TSV2qlTzoAnMcwEK+28xe1bl641EUzLgo9v7tQvaNYPT6uXtOSkK7ZGr67IXfzcvPODhqvOX59Njwa3eZMjr+nJhw5Gpudm3qkz4Qs2gUylj1+W5AbM7fTZS1h5+9J2dnZeRl0xk8GIm4WVnx9wF4/Q6L7HfbC9kc5hidX+7CbuOrtYe1ZNEh2Y+rZJKYiUBZiRjvjYkyBBFMpKItxlcQI6XJFCrxpkCs1JSKTAi0B/agUDHcnMlGBSFVMDMuNxejAVlnCc6D+0aEc4mG7txMXi/9iFVuR0zGuwatiwO9sRQ3DWbRSAiuWsV76P/CG4Z2LxUZO6QDXBmwl7U5wmjbEXmwldns5pQMG2XCy/AdOGCwetXcO5mayb8dS0DaSQXekQdSjMnOB3Z6O3Jd2aMvN8x+4YKh4VA8ZyINL2oaZzkc6ACo7M5Jt9zCa0uhw4MP0H/TDQPGouovfWO0rIyaq4wlLPpWNGMWg3j5e0gH2ZrzY/oM+GGYWMwvh0bOgsLB4o0tsf7gur8pG9RiIVvt59CwoWtTK1yWKjYp1iZoSpsGFeX2j0teZDAUynWGLLqU8EDWqClmJZfz5gaaIV7U2VSZmCgussGxQVpaYQTuvATAO/44nZ77LNR2a02Gm186EqG90SHX3c4xocWR0o9s0wWVkHUnilnsMzOO+sS69uYEiTw79m1hWqS1RpGW9efD7S3JJ48nN5BmnQskkz0G1C59vSkD2GgwV0QVN9OYwuqk+oAaFLHl8GhjRv2vD6pZmkJeW8+TKORLd3RqTAUlmckwKUdDeqwkk7b2IH3fvb1+zplyZlpf04JTWLdS2p06clSj+OHHQpnermjXqKBRpH5L//iOR4GG+Q70wDnPnzfvdETrFMYL3mOKZrl3lsBvfylld6R6Rif41kf+J4y7SWSW/jkJdrGfGpuIkjzH2DfADxYt7WwgzStdtqDGwcIcfThEvml0J2cSOvg9TpjXVvZWcP2fGQccNrWkuhPRrs1/q8Ip/HPBVTfzo/Yvjv2hlov36loSRuTg3JenYQa0H2nWDLfI/dWGI5rDXnJaEZvf8pv9zZLPOrb7ubWVeGaU15LhOaE6Ul7y8/QsW+WCAeJjt5tt2IHA/TCM4HufnrEfxWCdSYOd43jec2Y0mHg7XK6m3aaP+oBbIA300O4GTtZSm6ztXpfK8i5qlDQCTn+6p3qpmr8cKvz2mUbGuOvc8Zcx4MyeG1D/6tS55iy+d4rK8NVVdK302PxLd1jtAtyMUvA7agG5tzjVTH2f1u438N17/XS0KW+KBRYrxO5l/tnBv9L/9FsdqVPqbY7M0/ZJw1dQ8TIB06KD9Sf7SoYtg/tIB+TRlQNxLIx1QO7w3paBSkLd2r6825u27qy406QDL76721+x1dtBsRasGactMhmnfaCsXT2bpAJfmgxikA4Y70ggr9rejKfNGzfdsRB96oI6VybTpT7vUd9tEc2zeD32YiMlU6YD6swNEE1l+Nhc0bmL6tT406QCbabc1liXBqmnNna5C2Gk9XvtjfEa0LJAF+gho7J5RlSwwxr2HFmE+5wl6tS0jsbMaq1t1sf90nQglBA0PfP8b2s6rg2LV3BuT76p3KmG6lKgNW5iK0TBGbbwa9b0YrZvC8D6qThP7lYJOQ4pA7iMdWwZ1MN8l+uEt76fzE0nGhdek07Qwdngk+dmXYXQpant+7CEQ3npYBA8R0h9lfaDWPsxrRIuBqrmb7Rwj5NJxtBGHiHhUS1L7UWP7KNpZp/gySQfymoKGqs+DszdcodE1CUoZazyaivHWlZShhWTtVMavVTL1FzGzFiAa/SOJjuw6jWV4oeKuzA+ExtCLl/kx2h7A9EBfECwelnxspSS8eks+sooUZOlWUYKxKgd4szEyIk7PsLDO/r7averbRtDKuq1gC0KpvM6OSnBZTP35xJlsES4pVxktwE/iyUc+k1jehng8Y/wbijFU7X2OORNTnScstd9HeixiKQJRYBOh4lF7Jx9bKQnFZAXA5iSbjZ0ZqvekA7OA0YIq5+hxFiNd5H6NJmG+YzitxHwzvSMm0GAzTXJ8J1AOJVkhicCIgKtMoS1ZP78iHdX1Z1FckIefzFZi351s8TAnhdmmFuK7fy5JBUb8Yq4nzrHBEoG6hzxEaFxLEmmGR/0jAt0gZaSQc+Mg+lfOgd8f6S2uvm/kWURr2OFBL5jWmnTwMF0lqkXq9fuM3knlXncnmnQkMkkc5m8nVYGyPqYPpOci3UrG2RXED53+QROnrMp/tfsY+Vw/kSZL5T4oAVkrosUhtT3ZqTKFjGiF7cldsBPei9y4eK1ug4591F//gzPZE6Y0V4BCWkcrgKoPGXIQpf22Y0EDorLqdr60xIY0Lh+5PlqQePwiOOopnehc6x0W1nagYzp81yhEoHTAOY5YxGp7vM4YBeqctQZpWHb+4LVkpbheTx8njCJ1D6EaIisF9cwmHYrgbj8HIyUoL5lrKaEHEOq7ZMAD51SB+7VNUCalZwG7HviuIuCPy8Ug7+48GWtPSLbeU6uNFcZO8zAlrpmYpP3bYq3b08Hp6Ma7b9smhRd9syEyskMpKEy3aYdPqq1HjUGcmGYzk6h78mhktlFRs57exGtaMlSIePhPE8CsAWFStz5CH8RxovQpvhvsKbDuhQgujhqhP/TTjXQf0gzf3bQkF908exa5ZQhGa9frHJW/7fZRtDPEoP/wPvXZXVqx6j7LZBtXfGyT/mOY+hwnT15cp/2YSbbnRLRZ/BNWaxuK6hKSkbYZJh5KU7V4hIW1aJp/UX0zaq0I09ZFj9Rtq6gnMaRZ/HMZGmL9+HHkDhf8lqwFiMdK/bGBjMA1U6sTLM5bfXiB7exiDf1gQd7qbE6eWmE6OqgCnPAfJGQW1qkneRtrbR5Qtdc5mnNjZPR6hkEFrtLpjhksQWNTUdFGOU7YaYoWhWG00+9PqA0BF3YQfJoG5TnWpZSRxzQPCrTXaxZx7VIs+m0+JHsWTPBBisZdKcfFHhb5Y3uJPofwOM1v+YvHClYdlx1vH2t3LCINkI5ErH8IZooc1Yvtl7l5QHeEUlDFAduNnkXIQe78lth0q/pAHxAtv3NbyHhb5DdCO0cqf/cuEr0+3umfDSKod/rMc5O937+WZB9Q28Grz9fa+BCdhiSviYWYODo6+qSmv755+THogRgf399bQ1Dfz8DD/AfwFo+V8/lykhD/XLO1OmmAdKiweQVBjBOt9OH4SsMiCUssMJ2vbC/5475/EpvoZm9WSKtj9ssYBtcwK0Q2uFr5dZVNBL0Z5vQojCCrN7GTVpplJZHdzAMqyUrqOjTGDp+VkV7h/XzC61cD2R36PuXEejYfNfIw+Aeyniz0j49gji1HvuLhP0f/vAJmPFf3gFD3uCGhW0qtazVEcNtx3FvICyOhrBZmEk25QSm44aX9WuVSHcd/+yADkk6gMPM6SozNqmLNwXNqw5dLt1m0biVSkcwRj1Qks9aHZ1RnuEm9eg7jFx4AFhBDpetkcukhTDxq8RMP6crZhkiHSuOQrHtM6JhFDYX6DUmChFjS1Tg2gv2DQe/qXFuKW0JxvRZmC1eJsR/+w1NKneRc7duzstaVhc784zKoaOVIiAf+kPlZ+iuJRGRtIyuKYrpa3qY6jV1mu7vtYnqLR7/mswIKPQFn4CUespVz+LDpIEM9gd3quEHSAQmoiUk6X3DbcWy4/sgc0Q3/E6QfUbkuBPcqE7+7kvrKlVhnZWrGEGJTYTl01BDULx69TjG3R21aoGNbk//4ajvHWWjyTTSQfKymsp8Mkw54dhNQvcMw6YCLyIuQLFwhtBqXdCBCEOVKsiIGzFMSRgncfWJE/ZVlmARkZ+GykFXuqZEJTGNckZB2+uFamjCtXJWiy7WlCXNtXLBMqTJPdFc8xEPy84/cTIxIyAWod9LQkPFIRIiXLBNa6ySndCC/ynU3fMS9fSphsgJxETZYqteFUgV30757g/92kUvLGz8YShpX4K+5tgC/1OPZT+kk/2FXdSavi8czv2a8D25A9aPjFioVj3ZxzUxuHuarXwOwiTBUOgoRzXT5EqG1rrjzemdRww9q4k4CppLJssQkrYurap/jJLq4G/Y75RTjH7d8c1Oqy4UfMKO6OPf4ahI5I8dcs2PdkzIY7WgHcJfZklYQsZjBxXPTuZdbYzsbisLWgznE9jm+N96PRDbB+/MUbvFYY2jbAQmHwSTYwJ4F4HImLBEsHfdH6tVKCVz38EeDVjfOolCNMt5hHlDXzaQPcwA+3zdeiQ8GzRRLO/FJQ0IFblSXpr8g06Ofat1psknhpDH1xLVVkdc46xTTqcqCmB2AFy5I2zZt3KhFC5xiz9xhvX+DtVRjtyUQZA/cCnGJUzz8DdQ7ELxJlwX2Mbj2kZL5y4XWue/2lptJg6hhbq1THtJM7yal9521u5YHhiZg5CbrcH9rNOC/tEr6zus6WyQFK1RxzE3BhyeYt7V5gDeuKv6wBe0WGof2xj1/imcKPI/b8h6gg+Zt79+Hstu3kbtuOwozj1diHvyVnvleu1dt6whck2q1FmfYx6V7GGJJ16LsNAQLNYaTcHqm4KQ6D4a94GbC8CFw8nK6Y0YMF/Bf6esTzto9j+O4ESqR+hnf+x4qDFF4u+cZrk1dUHv7Bs37qUH076IjhOfrG91uf33E7ojDY9W7zw7gnCwzwMuIQOABhzGrrcdBfNifc5Oj9ZhngCUdw+tTAkM0KNgzfbbQKrGur7iZOHDhOuZegVYHblz8+21j+349CXd6FE0V3Nt5ksALiDqlaE0o4sKL5AHloR8csN0RLc7ceZTv5OSC58cg1FUxXAnHPjrpnMsx1LMHIvLaqNGAgQfRuEfpJKISM2Je2WK7/eyu3b711r59r2+Ip92bo188fAQ37wQUb6YJ/enIaDSYI3mMDh4MZE5JKAhFwR3NsX2LYS6ZRZUqk1wzSevo/HMcBareIh93bfckUqTNJTVGufu/wp+4ZcusnLLq5kQh6f2awbpumAHeYg7Vk91b8z0au/ZY/PZF7Wb4ePYhy3yojPkH8X07u+EZhZWrk371vE36Ry5jtwh9RSSUVmINceKBQkfmEEh2xAyuAOlABsYXSDNpTGheu99i6Oy5oy8JDK42IyZ31tyRQsp8uXUgadaXuTmlEmXq1sN1W7Fdt/Oh5JLOmCpUpXlzcjj+Xyx2XdXZSFL4nylNkVrwXJ/dQzQ+oDzTVOUOQl8wGcZCK98bVCHSAWWT2DOiXZ6nS3s8vhzWD5t+pIMiX5ZIRGS8tJF8pArAdSaj0ZQgdBaLmiKYzeyfszCB9eb2hOozi4kmBJWj7RBo/dOtLZA/2pVhMi/LKennFlFK0mfGAzNuDS9lqP37QkLxw8twEvb7sljKKZN+on2SmLlSx5FEH7mGYj3O2NCG/FxxzMP6sGgagXji2ClZzNeEqEW5+sTj+19Ziz4+xAzmlA4l7kuj6/EleM+s/sj+9NSZnKvGTVe1ObIY59a8ckUgkSUTb0jwu8EGQqXMFnjqrVwZyTguf+d7hZAvFXr5W4FYRZmE8AeVwYEbOpURPFmhdckpsS+2lBCjsx7Mv9x5D1QkWcVjUgBbyUeIh4M4pQOKcKd1DK3kNRbTWqAZF9/udk53JJgfNEhjrL6M+Wtea+UkD29uRLcw7kvarQqnRDK2H7Q5ttc8bury/O1xiMRZpp7BteG29jDuJdzDzhwDMPGC7mUeeGGdVjEWVfSK1IGe73ta92nTNvZTSyqbeEz4lKQj9ltu6QDVMa09ijLrHUXJVm14yFZtXH1GvxlXaDxXJ07UxK7AU234RE4oVpboozVzhuNve7s2ljEsAaOEhjPcU0wkjRDVey0twj55Q3+1XJ/U0iPVE4QLF2kuWRKQCSe0awhEISd72efHW9T6+ft6/YUfbNC2oKFkLefxgBnXqXUKzo/Sxsqx9PHjgpnpHyXuD+Fn72iyqT9qrJuk69N0W9Qaecu/knwgsokdOjfADp79fT2UCHyXr/GshajCy08S3K6LkOFtdvh0gjJsMXLGomPTiSjAmrP6mlI+bZEydvFz0IGdZ9uOmGEqI/qvU1h/0WKrMyIWx321k388VjQBRVQImo/XahsaM3pmjkaAqrn3cMStGS9vHKdMlvBc1AwZnocuobUxZmM7d8JNK3fvXDyBqbLM4uEdUi698t/F/WG6aRCYYTrEEp6fYYrtatSzSsEd2vIKbZrWaWymUmUkJ8XRlJFvHMW55ykiWb+3ueIBJTEEckbVE2oCD1sTmniwTF6Tdmxa01YGpfG5D2OyCHL1IdXgEdHttegmfxmladFMB1lDYiQhwF/bWVnWEUFu/OsX9OzQzZzNym4yzRBzbNTAprJSmpycdJfUtDCKx+ggORP540SMG1/pMABi1f8r/aVOvp9/4QQSpYQ2AmYSD68AwY6m/x/eujCkT/8PFQQG1dRnu1DpKJ+cpxqy+ByGtNH/Scc/CF3xGLetEgOfPjwbW547CDxdjszMKZ6XuJn+g8HQ8bmM3y7UVvrarRwpXZQR05cZbpxN9vpPOv5R0FsPV8HSkeQaa8vNxYYTE0obG9x6VKh0sC4t8yWDJh49A4VKR/KgaEkNbjYWxCzJBkEJg8hIGV2B0tFi8zi++TS/IFDFo+dBoQvyJg6IBnlrbj5mRI94CFJD3cLvPPlMpOUJ51MTgoUlPvoiQNE9uh9gy1HGhsShMcg5+GWx1kWM5xOAlkKvqcW70RUoHT1OG0PoDr0sVmOu/M0zzvnzAVk8uu6vxcrHjPyxaJyKJUNKVT54MBI1G3Y2bAXxVB+d7LWGo8UhY7j4vf4U09td3zeouCt+IiB1Lp33CR2BFH2v7vy5F1dhxCNPtY/M0aCBy3vv89xMfNEioibEj9Ef1uPpCqc1M1Fb9dbL+FmBEI/Oe3WWDOZA8dh96lN04WJkxFMPtQupMkOSaW58GE13u5YD9X5rAjne+p2+DVZB0gwNd/D+INYccZ8b8M6lc1gDgVWLx2hc26YGqXTP3TUOxs4c69Ex4oPnH9xMeiGd1yl1mcb3VCukGcB0jnXMl9mCr8ZJ7+8IYkOn5H9ywMSjSxjLgt+sKByrjXJ2pucM4IPn7g80OzrpqXkgbeQFAy5JwfylEnikjjuXzO0FsDZMP/tQTzimCQqbORzS/L8Y8dB2Ll3DhUpH3jgsBt7bAJfLU/cYzU4tAyZZvvMst3SMXiAB0Mxl9Z4KcHCVfnYLP6NCf7Xm2t9fCpvZglE/P2jEw3mPUMNn3kQs54xFD+FWzziPGO2es+B8hZAyqtxjlg6bEO3hiVoz7rFDDrcX5uplF/l2gC1q15/DFhN4vK+8l/90oO5cuuwXarnM/R7PSDRFz1LWLIjFg31l/JOb4ZdeWm5bqcVGtD88hyqjtiFyyFnA0Rz0mCCK3452KNWW24FqNet8g88PaOtRf4NQ6cjC2w6QeQh+wTEeePSVq+BJuIXLdnIzcWAxasdTXUBeuGxDAyiZwyFvxn41lGvVA5ulgwDulLtn+4SAiIdsvdAGPmsyMfduouD1YqOH4wksTAUnyChZvEFoFR14qNMMvkKDzEa5AuzjmrHh0Q+uo8HiMN0XGa9tesfB/jkB+fS9hwmsk/MDIR3VfYV6OqM98WnMosm99HEyQLlwPTcTB+pqgvBvvEB21wA8I6enkjoaPcii8Vv6QeF6lDhkM/Lv3AlaMQxo8zq03Df1kUIKtYTmWMmfvJ84GCbUoP5hJBGA21DwJPwFOnOghSNQs+TCvVKAgJqgnJWAHFjbxicjm0Hu38ovn/qVOu/DpwWcRJdrb4nObC36tdDuJXmoVn/JWFBV2lb+2/ooIRV7CzSWFk4kSQe4CJwLm+dFpEYSDRDqbpm/hpuHC96adQPyYgC8BgLsPo2Mrv2cbePnXhX5/YQ0pi4ucVfJ/I18IW83IkqWYWjS88tn+q6JDzwPng654aiK2nFje+RB2n+24gHTuZnIKBxHzqLaRmeFM/0oGn6WOKgxi52REfMqQDqslgKkxTlDbBzYId3Ky7lgO6eNEyIiM6/2XQuQKqkJlLgP0fQ6cB71DW9GVzPIX1s7yKb1hRu7XY2g18Sn0FltEXhnSMboTwLiLsJUy8JplBy7I4T5eEs8yDM/WgmMv5lbAdIBi2xBtaAyIhdpMBvpGKeljzozyQk2vwJz800AZffSIY0ykbH5BMjZVQKwTr2SR9QVPxvIvr7vO6TR7GgL9oGodJROYZk6/elDPIibh4wtIZTaLQWZxEo9SDPLQMp3wWINlHMqQO+A7sMRjeOsA0AiuIwA2H92wo6mAKFp5nDF0h7g2Ht7mEyeNyNZbgJHzwHMUOdpSpne8QdEa9kyGJ2s/eIxbEbTfL10OV4BN/ZxQiwouY1i/TLKcTNBxtYi9+PkQxNB4lE0dyNLhiwhMJpTDVLWNJOA6hH4VoaUpeM2Vc44mZPWs1r+btR+c3nF9r5HyRU6uULiljJwWaQ2L599NtMUwMkZErcD3E1c1QcKA7w6fcaGELHuOuTsKN04jzonpTHj8pssKPA4TjmW1BZQOX/hhorwg43sDapZr5sAJFwegQyql1jsMFUdcbNv1Q2CE9NzABq8nEGNI5knVt2JBqeNNdDpcu9WdUMXozSDeO8moDpr6yOCEL89acLXAv5kIBUwmbZsEz2JpZmACVPZo2jJOY0FJAXNW1p+axgCm6kSuHBK3AzgSe0pYrgTcVgGcStgWj94uxkywqfC0IPUTCndu0PGTqizrgnE1zVW/Z6wUf1zvXHN6w9v7o6oC8VbCyo5djqWUMB4uU8fAiRfoSMdQpDuyZi6lR8Kl1SIdIBHWyhYlGtUB83R0AUU8xt1BsXRt6sWQPEPr6AoWAl2Q6kV5pmobl6QbfkGHj5WQNaKDmpNLWlQrCOq27YGOF3WafelVZdaMV3sc4AA8dgk2IhFwofRZwyvXLxoIzcTD9T3Afg1GiQNAVoOBDh8rbsE0h6iCwqsR3TmVh6IcmNLTTbdBfJWwVJ3yFzcyAzuJKjXHUoYEAOP8kGeiYxXpLtuuMGj8ezpyD5x8PenbfTTpUn5DlzSR/+uQ1OW8b34ioppO6BPc0jdUQpojn3ke89ZVfZBDNLZ7ZBGYIWy2oQ56HQdal872xRu3Jm4AGBCHWtQLmuKLrQcP+w+QNySHz/ALuc2SGuSErGGR/KZTxTSIp5xkxuYUqu/z+Hnzc8eyRAaWpZmpUtkwl7B6ZGZUdULEfIXyDNrFrMOfwqnymS1agGcH1/cbK3GmJpKNpg3dwLFyj5bkKFwxPnKcP3PJYjwxLvFICWqDXfy4dHggU4mTy9fqZi7+yghfcRvZLueoe0AePqGl3qZ584UVl4cw0889gle8IcFHbrAm9+QrVitUGeGlUGa9/QWstij23KrBXRTs6RS5rrMqA5HCw7L4bpfpy4AS0U39g2596NWd0VjU5MCPqUUW4ZAzJDrjAHr5zKSkxjWltFF4XDGSQdF9CVembF3fAVFdpp+BxBC5PQ5hL7ng+79+7qtzgUvjXSUTnxGqmDZFeDmHit4MaJgjAn8FaW66NPPQ+/a658dpEf5rF28fgHzFKHimJ7clQtGnGakK84u5nHpPZPKk/6DDKsR8JyIA0wLVz9SksYerpmpd3cmJQdbFyvIm24LbwYn23QAWIfwl9FytH32kP79hHuiybrFbFOEIkdyT52ae5Kl4MXjZiwlBMKmVpRJQfytKfxGrNhwgtIMbJINkDy4cIqaVrR9JTC2hdcD4qB/U3jwRaaKEOfv52IpW7eI9QOO+outBIcfa//8IYitBMeuKeVesA2D8j08JG4lKZTSHqYvcf5m7E5a0tla6MDu4aBYgE5SCPgAXyBEUDe2ml6O0k0L9HT+LuH6szeUzt3M7ippell/26PcNcXAJWKZIKkt0wQRV3lZE464c0+/cN9es/SmexrA1xG2yV2/nNkLJIgAvIP12h926l/SJkxvMHHRvM36iscG6TPLqYIn6r20wWgeaPY9d7MHMHDEre2ocI8NgZXLKsAh+OkBkYwjfTz1MJzmiNlZ3F7PLMjCuVvZCxEc6/edntKQf0g64BFPP2SkNmlx4gvJ4S9SOtSJKxueZLde/D6UZQVlHP3DWRN0lMzUnzIDwOZ0S9aykPEclf89SI0rTAX6tKC2ijeKZBtCnHXjHjh8F8xiOlVO5bYatTnMNnsztKKsYcIhsZbUqFRSFdeq0lNlmQV5Gf+3+/n/QeM0sQ9rz1gaMo2r7UDhtpVRw8ydxScx+9c7mHMLBRuyRmx5UblqwzoWlW3lzSR1qxURa6pBmTQxJ/NtXGriSwFrGX4O0PrU6q5gyE2avly/5oCj88ruusR78/glWbDy99ElZi7Xq9L+AxC1aWRt28S8IaWnLC1T/z5GEpX2d/oQ9zzm8iPd2p8rMJeryGNSN1pRYOhtOjcb6kzypY2OS9fv5LsspGzQInruurDAf9VFLvu6Q8v6dvW0o6icvBdlb9IB+StMVxAuaZXYRlKjZc16ogLJ5eOMy+p8hiAe36LnGJKFPGPPb3eE+DpafzOBFBPzfOdVPgNHDA06DidFROfuirxRUYZ0HmjXs6tVfVS4S9/Epr/MfJWXV5KpzGa7AXnV6hbWlUzz/+bnMPrUQQ7YqGnZwqmRnRSKn0bHxr0WuoJeXat27RrUFUnf//Xqzmuhy/5Vs2nZ6ut6IsiPi78Zn1COxfuEQTbAtWPtKlB4K/7Jyze5RbnFPC34NapkZv2jN/axgBbPI5fLkWa0qFB/kj42mMqMQFRWUGxQCn6ZiQwZ7BQV/2uZd6oO82iWkv7kYVxySUGJYff82aMc6e4/bZh71X/0+mFhSekXkwjKEPwP4/YJaAplbmRzdHJlYW0KZW5kb2JqCjIgMCBvYmoKPDwKL1Byb2NTZXQgWy9QREYgL1RleHQgL0ltYWdlQiAvSW1hZ2VDIC9JbWFnZUldCi9Gb250IDw8Ci9GMSA2IDAgUgovRjIgNyAwIFIKPj4KL1hPYmplY3QgPDwKL0kxIDggMCBSCj4+Cj4+CmVuZG9iagoxMCAwIG9iago8PAovUHJvZHVjZXIgKEZQREYgMS44NikKL0NyZWF0aW9uRGF0ZSAoRDoyMDI0MDkyNjIwNDkyNiswMicwMCcpCj4+CmVuZG9iagoxMSAwIG9iago8PAovVHlwZSAvQ2F0YWxvZwovUGFnZXMgMSAwIFIKPj4KZW5kb2JqCnhyZWYKMCAxMgowMDAwMDAwMDAwIDY1NTM1IGYgCjAwMDAwMDA3MzMgMDAwMDAgbiAKMDAwMDAyMjQ5NSAwMDAwMCBuIAowMDAwMDAwMDA5IDAwMDAwIG4gCjAwMDAwMDAxNDMgMDAwMDAgbiAKMDAwMDAwMDgyMCAwMDAwMCBuIAowMDAwMDAxMjU0IDAwMDAwIG4gCjAwMDAwMDEzNzIgMDAwMDAgbiAKMDAwMDAwMTQ4NSAwMDAwMCBuIAowMDAwMDEyODgzIDAwMDAwIG4gCjAwMDAwMjI2MTkgMDAwMDAgbiAKMDAwMDAyMjcwMyAwMDAwMCBuIAp0cmFpbGVyCjw8Ci9TaXplIDEyCi9Sb290IDExIDAgUgovSW5mbyAxMCAwIFIKPj4Kc3RhcnR4cmVmCjIyNzUzCiUlRU9GCg==');

-- --------------------------------------------------------

--
-- Estructura de tabla para la tabla `hora`
--

CREATE TABLE `hora` (
  `id_hora` int(3) NOT NULL,
  `hora_ingreso` time NOT NULL,
  `hora_salida` time NOT NULL
) ENGINE=InnoDB DEFAULT CHARSET=utf8mb4 COLLATE=utf8mb4_general_ci;

--
-- Volcado de datos para la tabla `hora`
--

INSERT INTO `hora` (`id_hora`, `hora_ingreso`, `hora_salida`) VALUES
(1, '09:32:35', '13:32:35'),
(5, '15:00:00', '20:00:00'),
(6, '12:00:00', '15:00:00'),
(7, '03:30:00', '04:00:00'),
(8, '03:30:00', '04:00:00'),
(9, '08:30:00', '09:30:00'),
(10, '20:30:00', '05:45:00'),
(11, '03:00:00', '04:45:00'),
(12, '06:06:00', '06:06:00'),
(13, '12:30:00', '18:20:00'),
(14, '12:44:00', '03:45:00'),
(15, '12:00:00', '20:06:00'),
(16, '20:20:00', '23:30:00'),
(17, '20:20:00', '23:30:00'),
(18, '12:30:00', '18:20:00'),
(19, '16:00:00', '18:15:00'),
(20, '12:00:00', '17:15:00'),
(21, '12:00:00', '06:00:00'),
(22, '12:00:00', '07:00:00'),
(23, '12:00:00', '07:07:00'),
(24, '20:00:00', '03:00:00'),
(25, '12:21:00', '12:12:00'),
(26, '12:21:00', '12:12:00'),
(27, '08:00:00', '12:00:00'),
(28, '08:00:00', '12:00:00'),
(29, '08:00:00', '12:00:00'),
(30, '14:00:00', '21:00:00'),
(31, '12:00:00', '15:00:00'),
(32, '12:00:00', '15:00:00'),
(33, '15:00:00', '21:00:00'),
(34, '15:00:00', '21:00:00'),
(35, '15:00:00', '21:00:00'),
(36, '15:00:00', '21:00:00'),
(37, '15:00:00', '21:00:00'),
(38, '15:00:00', '21:00:00'),
(39, '15:00:00', '21:00:00'),
(40, '15:00:00', '21:00:00'),
(41, '15:00:00', '21:00:00'),
(42, '15:00:00', '21:00:00'),
(43, '15:00:00', '21:00:00'),
(44, '12:00:00', '15:00:00'),
(45, '12:00:00', '15:00:00'),
(46, '14:00:00', '21:00:00'),
(47, '14:00:00', '21:00:00'),
(48, '08:00:00', '12:00:00'),
(49, '03:24:00', '04:35:00'),
(50, '04:20:00', '04:00:00'),
(51, '12:00:00', '18:00:00'),
(52, '12:00:00', '18:00:00'),
(53, '12:00:00', '18:00:00'),
(54, '12:00:00', '18:00:00'),
(55, '10:00:00', '12:00:00'),
(56, '12:00:00', '03:00:00'),
(57, '12:00:00', '18:00:00'),
(58, '12:00:00', '05:00:00'),
(59, '12:00:00', '18:00:00'),
(60, '22:02:00', '04:04:00'),
(61, '12:00:00', '18:00:00'),
(62, '12:00:00', '18:00:00');

-- --------------------------------------------------------

--
-- Estructura de tabla para la tabla `huella`
--

CREATE TABLE `huella` (
  `id_huella` int(11) NOT NULL,
  `hora_ingreso` time NOT NULL,
  `hora_salida` time NOT NULL,
  `fecha` date NOT NULL,
  `id_formu` int(11) NOT NULL
) ENGINE=InnoDB DEFAULT CHARSET=utf8mb4 COLLATE=utf8mb4_general_ci;

--
-- Volcado de datos para la tabla `huella`
--

INSERT INTO `huella` (`id_huella`, `hora_ingreso`, `hora_salida`, `fecha`, `id_formu`) VALUES
(1, '12:00:00', '12:30:00', '2024-10-07', 23),
(2, '12:00:00', '16:00:00', '2024-10-01', 24),
(3, '12:00:00', '16:30:00', '2024-10-02', 24),
(4, '12:00:00', '15:00:00', '2024-10-03', 24),
(5, '12:00:00', '16:00:00', '2024-10-01', 26),
(6, '12:00:00', '16:00:00', '2024-10-02', 23),
(7, '12:00:00', '17:00:00', '2024-10-02', 23),
(8, '12:00:00', '14:00:00', '2024-10-03', 24),
(9, '12:00:00', '13:00:00', '2024-10-07', 36),
(10, '12:00:00', '16:00:00', '2024-10-03', 23),
(11, '12:00:00', '14:00:00', '2024-10-01', 24),
(12, '06:07:00', '09:08:00', '2024-10-01', 27),
(13, '12:00:00', '13:00:00', '2024-10-07', 23),
(14, '12:00:00', '13:00:00', '2024-10-07', 24),
(15, '12:00:00', '16:00:00', '2024-09-30', 24),
(16, '22:04:00', '23:00:00', '2024-08-14', 33),
(17, '22:04:00', '23:00:00', '2024-08-14', 33),
(18, '22:04:00', '23:00:00', '2024-08-14', 33),
(19, '22:04:00', '23:00:00', '2024-08-14', 33),
(20, '22:04:00', '23:00:00', '2024-08-14', 33),
(21, '22:04:00', '23:00:00', '2024-08-14', 33),
(22, '22:04:00', '23:00:00', '2024-08-14', 33),
(23, '22:04:00', '23:00:00', '2024-08-14', 33),
(24, '22:04:00', '23:00:00', '2024-08-14', 33),
(25, '22:04:00', '23:00:00', '2024-08-14', 33),
(26, '22:04:00', '23:00:00', '2024-08-14', 33),
(27, '22:04:00', '23:00:00', '2024-08-14', 33),
(28, '22:04:00', '23:00:00', '2024-08-14', 33),
(29, '22:04:00', '23:00:00', '2024-08-14', 33),
(30, '12:00:00', '19:00:00', '2024-09-04', 26),
(31, '22:04:00', '23:00:00', '2024-08-14', 33),
(32, '22:04:00', '23:00:00', '2024-08-14', 33),
(33, '12:00:00', '18:00:00', '2024-09-11', 28);

-- --------------------------------------------------------

--
-- Estructura de tabla para la tabla `rol`
--

CREATE TABLE `rol` (
  `id_rol` int(11) NOT NULL,
  `descripcion` varchar(255) NOT NULL
) ENGINE=InnoDB DEFAULT CHARSET=utf8mb4 COLLATE=utf8mb4_general_ci;

--
-- Volcado de datos para la tabla `rol`
--

INSERT INTO `rol` (`id_rol`, `descripcion`) VALUES
(1, 'empleado'),
(2, 'supervisor'),
(3, 'superusuario');

-- --------------------------------------------------------

--
-- Estructura de tabla para la tabla `usuarios`
--

CREATE TABLE `usuarios` (
  `id_usuarios` int(11) NOT NULL,
  `usuario` varchar(255) NOT NULL,
  `contraseña` varchar(255) NOT NULL
) ENGINE=InnoDB DEFAULT CHARSET=utf8mb4 COLLATE=utf8mb4_general_ci;

--
-- Volcado de datos para la tabla `usuarios`
--

INSERT INTO `usuarios` (`id_usuarios`, `usuario`, `contraseña`) VALUES
(12, 'superusuario', '$2y$10$pE4jR3dyBeY6G94SXian7.tXf2QCp8zUFk09Y1CMM9Dv0lhCwt7Ke'),
(13, 'supervisor', '$2y$10$74BAcgtJDWQ7y93iFrwTiOEMmbxOwkONrfh6KbAkjTfxJayW1I8i.'),
(14, 'empleado', '$2y$10$kUSbvyBY3CaVI4jLFk3BaeSAdlIkBLBJ7qaQDafGYLahg9tBTGl8m');

-- --------------------------------------------------------

--
-- Estructura de tabla para la tabla `usuario_rol`
--

CREATE TABLE `usuario_rol` (
  `id_usuariorol` int(11) NOT NULL,
  `id_usuarios` int(11) NOT NULL,
  `id_rol` int(11) NOT NULL
) ENGINE=InnoDB DEFAULT CHARSET=utf8mb4 COLLATE=utf8mb4_general_ci;

--
-- Volcado de datos para la tabla `usuario_rol`
--

INSERT INTO `usuario_rol` (`id_usuariorol`, `id_usuarios`, `id_rol`) VALUES
(9, 12, 3),
(10, 13, 2),
(11, 14, 1);

--
-- Índices para tablas volcadas
--

--
-- Indices de la tabla `cargo`
--
ALTER TABLE `cargo`
  ADD PRIMARY KEY (`id_cargo`);

--
-- Indices de la tabla `contrato`
--
ALTER TABLE `contrato`
  ADD PRIMARY KEY (`id_tipo_contrato`);

--
-- Indices de la tabla `departamento`
--
ALTER TABLE `departamento`
  ADD PRIMARY KEY (`id_depa`);

--
-- Indices de la tabla `formulario_empleado`
--
ALTER TABLE `formulario_empleado`
  ADD PRIMARY KEY (`id_formu`),
  ADD KEY `id_hora` (`id_hora`,`id_depa`,`id_cargo`),
  ADD KEY `id_depa` (`id_depa`),
  ADD KEY `id_cargo` (`id_cargo`),
  ADD KEY `id_tipo_contrato` (`id_tipo_contrato`);

--
-- Indices de la tabla `hora`
--
ALTER TABLE `hora`
  ADD PRIMARY KEY (`id_hora`);

--
-- Indices de la tabla `huella`
--
ALTER TABLE `huella`
  ADD PRIMARY KEY (`id_huella`),
  ADD KEY `id_formu` (`id_formu`);

--
-- Indices de la tabla `rol`
--
ALTER TABLE `rol`
  ADD PRIMARY KEY (`id_rol`);

--
-- Indices de la tabla `usuarios`
--
ALTER TABLE `usuarios`
  ADD PRIMARY KEY (`id_usuarios`),
  ADD UNIQUE KEY `usuario` (`usuario`);

--
-- Indices de la tabla `usuario_rol`
--
ALTER TABLE `usuario_rol`
  ADD PRIMARY KEY (`id_usuariorol`),
  ADD KEY `id_usuarios` (`id_usuarios`,`id_rol`),
  ADD KEY `id_rol` (`id_rol`);

--
-- AUTO_INCREMENT de las tablas volcadas
--

--
-- AUTO_INCREMENT de la tabla `cargo`
--
ALTER TABLE `cargo`
  MODIFY `id_cargo` int(3) NOT NULL AUTO_INCREMENT, AUTO_INCREMENT=23;

--
-- AUTO_INCREMENT de la tabla `contrato`
--
ALTER TABLE `contrato`
  MODIFY `id_tipo_contrato` int(11) NOT NULL AUTO_INCREMENT, AUTO_INCREMENT=5;

--
-- AUTO_INCREMENT de la tabla `departamento`
--
ALTER TABLE `departamento`
  MODIFY `id_depa` int(3) NOT NULL AUTO_INCREMENT, AUTO_INCREMENT=25;

--
-- AUTO_INCREMENT de la tabla `formulario_empleado`
--
ALTER TABLE `formulario_empleado`
  MODIFY `id_formu` int(11) NOT NULL AUTO_INCREMENT, AUTO_INCREMENT=37;

--
-- AUTO_INCREMENT de la tabla `hora`
--
ALTER TABLE `hora`
  MODIFY `id_hora` int(3) NOT NULL AUTO_INCREMENT, AUTO_INCREMENT=63;

--
-- AUTO_INCREMENT de la tabla `huella`
--
ALTER TABLE `huella`
  MODIFY `id_huella` int(11) NOT NULL AUTO_INCREMENT, AUTO_INCREMENT=34;

--
-- AUTO_INCREMENT de la tabla `rol`
--
ALTER TABLE `rol`
  MODIFY `id_rol` int(11) NOT NULL AUTO_INCREMENT, AUTO_INCREMENT=7;

--
-- AUTO_INCREMENT de la tabla `usuarios`
--
ALTER TABLE `usuarios`
  MODIFY `id_usuarios` int(11) NOT NULL AUTO_INCREMENT, AUTO_INCREMENT=43;

--
-- AUTO_INCREMENT de la tabla `usuario_rol`
--
ALTER TABLE `usuario_rol`
  MODIFY `id_usuariorol` int(11) NOT NULL AUTO_INCREMENT, AUTO_INCREMENT=23;

--
-- Restricciones para tablas volcadas
--

--
-- Filtros para la tabla `formulario_empleado`
--
ALTER TABLE `formulario_empleado`
  ADD CONSTRAINT `formulario_empleado_ibfk_1` FOREIGN KEY (`id_hora`) REFERENCES `hora` (`id_hora`) ON DELETE CASCADE ON UPDATE CASCADE,
  ADD CONSTRAINT `formulario_empleado_ibfk_2` FOREIGN KEY (`id_depa`) REFERENCES `departamento` (`id_depa`) ON DELETE CASCADE ON UPDATE CASCADE,
  ADD CONSTRAINT `formulario_empleado_ibfk_3` FOREIGN KEY (`id_cargo`) REFERENCES `cargo` (`id_cargo`) ON DELETE CASCADE ON UPDATE CASCADE;

--
-- Filtros para la tabla `huella`
--
ALTER TABLE `huella`
  ADD CONSTRAINT `huella_ibfk_1` FOREIGN KEY (`id_formu`) REFERENCES `formulario_empleado` (`id_formu`);

--
-- Filtros para la tabla `usuario_rol`
--
ALTER TABLE `usuario_rol`
  ADD CONSTRAINT `usuario_rol_ibfk_1` FOREIGN KEY (`id_usuarios`) REFERENCES `usuarios` (`id_usuarios`) ON DELETE CASCADE ON UPDATE CASCADE,
  ADD CONSTRAINT `usuario_rol_ibfk_2` FOREIGN KEY (`id_rol`) REFERENCES `rol` (`id_rol`) ON DELETE CASCADE ON UPDATE CASCADE;
COMMIT;

/*!40101 SET CHARACTER_SET_CLIENT=@OLD_CHARACTER_SET_CLIENT */;
/*!40101 SET CHARACTER_SET_RESULTS=@OLD_CHARACTER_SET_RESULTS */;
/*!40101 SET COLLATION_CONNECTION=@OLD_COLLATION_CONNECTION */;
